ORIGIN_AIRPORT_ABBREV,DESTINATION_AIRPORT_ABBREV
ABE,ATL
ABE,BNA
ABE,DTW
ABE,HNL
ABE,OKC
ABE,ORD
ABE,SAT
ABE,SDF
ABE,STL
ABI,ABQ
ABI,ATL
ABI,BQH
ABI,BWI
ABI,CAE
ABI,DAL
ABI,DAY
ABI,DCA
ABI,DEN
ABI,DFW
ABI,ELP
ABI,LAS
ABI,LAX
ABI,LGW
ABI,LHR
ABI,LON
ABI,LTN
ABI,MCI
ABI,MCO
ABI,OMA
ABI,ONT
ABI,ORF
ABI,PHL
ABI,PHX
ABI,RAP
ABI,RDU
ABI,RIC
ABI,SAN
ABI,SEA
ABI,SEN
ABI,SHV
ABI,SLC
ABI,SMF
ABI,STL
ABI,STN
ABI,TUS
ABI,VPS
ABQ,AGS
ABQ,ALB
ABQ,AMS
ABQ,ANC
ABQ,ATL
ABQ,AUS
ABQ,AVL
ABQ,BDL
ABQ,BHM
ABQ,BIL
ABQ,BIS
ABQ,BNA
ABQ,BOI
ABQ,BOS
ABQ,BQH
ABQ,BTR
ABQ,BUR
ABQ,BWI
ABQ,BZN
ABQ,CAE
ABQ,CHO
ABQ,CLE
ABQ,CLT
ABQ,CMH
ABQ,COS
ABQ,CRP
ABQ,CRW
ABQ,CVG
ABQ,DAL
ABQ,DAY
ABQ,DCA
ABQ,DEN
ABQ,DFW
ABQ,DHN
ABQ,DSM
ABQ,DTW
ABQ,ECP
ABQ,EWR
ABQ,FAI
ABQ,FAR
ABQ,FAT
ABQ,FLL
ABQ,FRA
ABQ,FSD
ABQ,FSM
ABQ,GEG
ABQ,GPT
ABQ,GRK
ABQ,GRR
ABQ,GTF
ABQ,GUM
ABQ,HLN
ABQ,HNL
ABQ,HOU
ABQ,HRL
ABQ,HSV
ABQ,IAD
ABQ,IAH
ABQ,ICT
ABQ,IDA
ABQ,IND
ABQ,JAN
ABQ,JAX
ABQ,JFK
ABQ,LAS
ABQ,LAW
ABQ,LAX
ABQ,LEX
ABQ,LGA
ABQ,LGW
ABQ,LHR
ABQ,LIH
ABQ,LIT
ABQ,LON
ABQ,LTN
ABQ,MCI
ABQ,MCO
ABQ,MDT
ABQ,MDW
ABQ,MEM
ABQ,MEX
ABQ,MFE
ABQ,MFR
ABQ,MGM
ABQ,MIA
ABQ,MKE
ABQ,MLB
ABQ,MOB
ABQ,MOT
ABQ,MRY
ABQ,MSN
ABQ,MSO
ABQ,MSP
ABQ,MSY
ABQ,OAJ
ABQ,OAK
ABQ,OGG
ABQ,OKA
ABQ,OKC
ABQ,OMA
ABQ,ONT
ABQ,ORD
ABQ,ORF
ABQ,PDX
ABQ,PHF
ABQ,PHL
ABQ,PHX
ABQ,PIT
ABQ,PNS
ABQ,PSC
ABQ,PSP
ABQ,PVD
ABQ,RAP
ABQ,RDM
ABQ,RDU
ABQ,RIC
ABQ,RNO
ABQ,SAN
ABQ,SAT
ABQ,SAV
ABQ,SBA
ABQ,SDF
ABQ,SEA
ABQ,SEL
ABQ,SEN
ABQ,SFO
ABQ,SHV
ABQ,SJC
ABQ,SJU
ABQ,SLC
ABQ,SMF
ABQ,SNA
ABQ,SPS
ABQ,STL
ABQ,STN
ABQ,SYR
ABQ,TPA
ABQ,TUL
ABQ,TUS
ABQ,TYO
ABQ,TYS
ABQ,VCE
ABQ,VPS
ABQ,YUM
ABR,DCA
ABR,MSP
ABV,ATL
ABV,BWI
ABV,DCA
ABV,IAD
ABY,ATL
ABY,BWI
ABY,DCA
ABY,DTW
ABY,HNL
ABY,LAS
ABY,OAJ
ABY,ORF
ABY,PHL
ABY,RIC
ABY,SAN
ABY,SEA
ABY,SHV
ABY,STL
ACC,ATL
ACC,BOS
ACC,BWI
ACC,DCA
ACC,EWR
ACC,IAD
ACC,JFK
ACC,LAX
ACC,LGA
ACC,NYC
ACC,RDU
ACK,BOS
ACK,DCA
ACT,BWI
ACT,DAL
ACT,DAY
ACT,DCA
ACT,DFW
ACT,ONT
ACT,SAN
ACT,SEA
ACV,DCA
ACV,IAD
ACV,LAX
ACV,PHX
ACV,SAN
ADD,BWI
ADD,DCA
ADD,IAD
ADK,ANC
ADK,SEA
ADL,BWI
ADL,DCA
ADL,IAD
ADL,LAX
ADL,SEA
ADQ,ANC
ADQ,DAL
ADQ,DCA
ADQ,DFW
ADQ,DUT
ADQ,FAI
ADQ,HNL
ADQ,JNU
ADQ,LAX
ADQ,OAK
ADQ,PDX
ADQ,SAN
ADQ,SEA
ADQ,SFO
AEP,BWI
AEP,DCA
AEP,EWR
AEP,HOU
AEP,IAD
AEP,IAH
AEP,JFK
AEP,LGA
AEP,MIA
AEP,NYC
AEP,ORF
AEX,AGS
AEX,ALB
AEX,ANC
AEX,ART
AEX,ATL
AEX,AUS
AEX,BDL
AEX,BKK
AEX,BNA
AEX,BOS
AEX,BUF
AEX,BWI
AEX,CAE
AEX,CHO
AEX,CHS
AEX,CLT
AEX,CMH
AEX,COS
AEX,CSG
AEX,DAL
AEX,DCA
AEX,DEN
AEX,DFW
AEX,DHN
AEX,DMK
AEX,DTW
AEX,ELP
AEX,EWR
AEX,FAY
AEX,GRK
AEX,HNL
AEX,HSV
AEX,IAD
AEX,IAH
AEX,IND
AEX,JAX
AEX,JFK
AEX,LAS
AEX,LAW
AEX,LAX
AEX,LGA
AEX,LSE
AEX,MCI
AEX,MCO
AEX,MDT
AEX,MHK
AEX,MIA
AEX,MLI
AEX,MSP
AEX,OKC
AEX,ONT
AEX,ORD
AEX,ORF
AEX,PDX
AEX,PHF
AEX,PHL
AEX,PHX
AEX,PIT
AEX,PVD
AEX,RDU
AEX,RIC
AEX,SAN
AEX,SAT
AEX,SAV
AEX,SDF
AEX,SEA
AEX,SFO
AEX,SJU
AEX,SLC
AEX,SMF
AEX,STL
AEX,SYR
AEX,TPA
AEX,TUS
AEX,TYO
AGS,ANC
AGS,ART
AGS,ATL
AGS,AUS
AGS,AVP
AGS,BDL
AGS,BNA
AGS,BOS
AGS,BQH
AGS,BWI
AGS,CHO
AGS,CLT
AGS,CMH
AGS,COS
AGS,CVG
AGS,DAL
AGS,DAY
AGS,DCA
AGS,DEN
AGS,DFW
AGS,DTW
AGS,DXB
AGS,ELP
AGS,EWR
AGS,FAI
AGS,FAY
AGS,FLL
AGS,FRA
AGS,GEG
AGS,GRK
AGS,HNL
AGS,HOU
AGS,HSV
AGS,IAD
AGS,IAH
AGS,IDA
AGS,IND
AGS,KWI
AGS,LAS
AGS,LAW
AGS,LAX
AGS,LGA
AGS,LGW
AGS,LHR
AGS,LIT
AGS,LON
AGS,LSE
AGS,LTN
AGS,MCI
AGS,MCO
AGS,MDT
AGS,MDW
AGS,MHK
AGS,MIA
AGS,MRY
AGS,MSP
AGS,MSY
AGS,MUC
AGS,OKC
AGS,OMA
AGS,ONT
AGS,ORD
AGS,ORF
AGS,PDX
AGS,PHF
AGS,PHL
AGS,PHX
AGS,PIT
AGS,PNS
AGS,PVD
AGS,RIC
AGS,SAN
AGS,SAT
AGS,SDF
AGS,SEA
AGS,SEL
AGS,SEN
AGS,SFO
AGS,SGF
AGS,SJC
AGS,SJT
AGS,SJU
AGS,SLC
AGS,SMF
AGS,STL
AGS,STN
AGS,STR
AGS,SYR
AGS,TLV
AGS,TPA
AGS,TUL
AGS,TUS
AGS,TYO
AKL,BWI
AKL,DCA
AKL,HNL
AKL,IAD
AKL,LAX
AKL,SFO
AKN,ANC
ALA,BWI
ALA,DCA
ALA,EWR
ALA,IAD
ALA,JFK
ALA,LGA
ALA,NYC
ALB,ATL
ALB,AUS
ALB,BNA
ALB,BWI
ALB,CAE
ALB,CHS
ALB,CLE
ALB,COS
ALB,CVG
ALB,DAL
ALB,DAY
ALB,DCA
ALB,DEN
ALB,DFW
ALB,DSM
ALB,DTW
ALB,ECP
ALB,ELP
ALB,GPT
ALB,HNL
ALB,HSV
ALB,IAD
ALB,IAH
ALB,IND
ALB,JAX
ALB,LAS
ALB,LAX
ALB,LIT
ALB,LSE
ALB,MCI
ALB,MCO
ALB,MEM
ALB,MLI
ALB,MSN
ALB,MSP
ALB,MSY
ALB,OKC
ALB,ORD
ALB,ORF
ALB,PDX
ALB,PHL
ALB,PHX
ALB,PIT
ALB,RDU
ALB,RIC
ALB,RNO
ALB,SAN
ALB,SAT
ALB,SAV
ALB,SDF
ALB,SEA
ALB,SFO
ALB,SJU
ALB,SLC
ALB,SMF
ALB,STL
ALB,TPA
ALB,TUS
ALO,BWI
ALO,DCA
ALO,ORD
ALW,MCI
ALW,PDX
ALW,SEA
ALW,SMF
AMA,ATL
AMA,AUS
AMA,BWI
AMA,DAL
AMA,DCA
AMA,DEN
AMA,DFW
AMA,FAT
AMA,IAD
AMA,IAH
AMA,JAX
AMA,LAS
AMA,LAX
AMA,ORD
AMA,ORF
AMA,PHL
AMA,PHX
AMA,PNS
AMA,RDU
AMA,RIC
AMA,SAN
AMA,SAT
AMA,SAV
AMA,SEA
AMA,SLC
AMA,STL
AMA,TYS
AMA,VPS
AMM,ATL
AMM,BNA
AMM,BOS
AMM,BWI
AMM,CAE
AMM,CHI
AMM,CLT
AMM,DAL
AMM,DAY
AMM,DCA
AMM,DEN
AMM,DFW
AMM,DTW
AMM,ELP
AMM,EWR
AMM,HOU
AMM,HSV
AMM,IAD
AMM,IAH
AMM,JFK
AMM,LAS
AMM,LAX
AMM,LGA
AMM,MCO
AMM,MDW
AMM,MIA
AMM,NYC
AMM,ORD
AMM,ORF
AMM,PHL
AMM,RDU
AMM,SAT
AMM,SFO
AMM,SLC
AMM,STL
AMM,TPA
AMM,VPS
AMS,ATL
AMS,BOS
AMS,BWI
AMS,CAE
AMS,CHI
AMS,DAY
AMS,DCA
AMS,DEN
AMS,DTW
AMS,EWR
AMS,FAY
AMS,HOU
AMS,HSV
AMS,IAD
AMS,IAH
AMS,JFK
AMS,LAX
AMS,LGA
AMS,MCI
AMS,MDW
AMS,MEM
AMS,MSP
AMS,NYC
AMS,ORD
AMS,ORF
AMS,PDX
AMS,PHL
AMS,PIT
AMS,PNS
AMS,PVD
AMS,RDU
AMS,SAN
AMS,SAT
AMS,SEA
AMS,SFO
AMS,SLC
AMS,TPA
ANC,ATL
ANC,AUS
ANC,BDL
ANC,BET
ANC,BHM
ANC,BIL
ANC,BNA
ANC,BOI
ANC,BOS
ANC,BRW
ANC,BWI
ANC,CAE
ANC,CDV
ANC,CHS
ANC,CLE
ANC,CLT
ANC,CMH
ANC,COS
ANC,CSG
ANC,CVG
ANC,DAL
ANC,DAY
ANC,DCA
ANC,DEN
ANC,DFW
ANC,DHN
ANC,DLG
ANC,DSM
ANC,DTW
ANC,DUT
ANC,ECP
ANC,ELP
ANC,EUG
ANC,EWR
ANC,FAI
ANC,FAT
ANC,FAY
ANC,GEG
ANC,GPT
ANC,GTF
ANC,HNL
ANC,HSV
ANC,IAD
ANC,IAH
ANC,ICT
ANC,IND
ANC,JAN
ANC,JAX
ANC,JFK
ANC,JNU
ANC,KOA
ANC,KTN
ANC,LAS
ANC,LAX
ANC,LGA
ANC,LIT
ANC,MCI
ANC,MCO
ANC,MDT
ANC,MGM
ANC,MIA
ANC,MKE
ANC,MLI
ANC,MOB
ANC,MSN
ANC,MSO
ANC,MSP
ANC,MSY
ANC,OAK
ANC,OKC
ANC,OMA
ANC,OME
ANC,ONT
ANC,ORD
ANC,ORF
ANC,OTZ
ANC,PDX
ANC,PHF
ANC,PHL
ANC,PHX
ANC,PIT
ANC,PNS
ANC,PSG
ANC,PVD
ANC,RAP
ANC,RDU
ANC,RIC
ANC,RNO
ANC,SAN
ANC,SAT
ANC,SAV
ANC,SCC
ANC,SDF
ANC,SEA
ANC,SEL
ANC,SFO
ANC,SIT
ANC,SJC
ANC,SJT
ANC,SJU
ANC,SLC
ANC,SMF
ANC,SNA
ANC,SPS
ANC,STL
ANC,SYR
ANC,TPA
ANC,TUL
ANC,TUS
ANC,VPS
ANC,WRG
ANC,YAK
ANC,YEG
ANK,BWI
ANK,DCA
ANK,IAD
ANU,BWI
ANU,DCA
ANU,IAD
ANU,MIA
ART,ATL
ART,BNA
ART,CAE
ART,DAL
ART,DCA
ART,DFW
ART,FAY
ART,HNL
ART,LAX
ART,OKC
ART,ORF
ART,PHL
ART,RIC
ART,SAT
ART,SAV
ART,SEA
ART,STL
ART,TUS
ASB,BWI
ASB,DCA
ASB,IAD
ASE,DCA
ASE,IAD
ATH,ATL
ATH,BWI
ATH,DCA
ATH,EWR
ATH,IAD
ATH,JFK
ATH,LAX
ATH,LGA
ATH,NYC
ATH,PHL
ATH,RDU
ATH,SAN
ATH,SLC
ATL,AEP
ATL,ATW
ATL,AUA
ATL,AUH
ATL,AUS
ATL,AVL
ATL,AVP
ATL,AZO
ATL,BAH
ATL,BBU
ATL,BDL
ATL,BER
ATL,BGR
ATL,BHM
ATL,BIL
ATL,BIS
ATL,BKK
ATL,BMI
ATL,BNA
ATL,BNE
ATL,BOG
ATL,BOI
ATL,BOM
ATL,BOS
ATL,BQH
ATL,BQK
ATL,BRU
ATL,BSB
ATL,BTM
ATL,BTR
ATL,BTV
ATL,BUE
ATL,BUF
ATL,BUH
ATL,BUR
ATL,BWI
ATL,BZE
ATL,BZN
ATL,BZV
ATL,CAE
ATL,CAI
ATL,CAK
ATL,CAS
ATL,CHA
ATL,CHO
ATL,CHS
ATL,CID
ATL,CLE
ATL,CLL
ATL,CLT
ATL,CMH
ATL,COS
ATL,COU
ATL,CPH
ATL,CPT
ATL,CRP
ATL,CRW
ATL,CSG
ATL,CTA
ATL,CVG
ATL,CWA
ATL,DAB
ATL,DAL
ATL,DAR
ATL,DAY
ATL,DCA
ATL,DEL
ATL,DEN
ATL,DFW
ATL,DHN
ATL,DLH
ATL,DMK
ATL,DOH
ATL,DRO
ATL,DSM
ATL,DTW
ATL,DUS
ATL,DXB
ATL,EBB
ATL,ECP
ATL,ELP
ATL,ERI
ATL,EUG
ATL,EVN
ATL,EVV
ATL,EWN
ATL,EWR
ATL,EYW
ATL,EZE
ATL,FAI
ATL,FAR
ATL,FAT
ATL,FAY
ATL,FCA
ATL,FIH
ATL,FLL
ATL,FNT
ATL,FRA
ATL,FSD
ATL,FSM
ATL,FUK
ATL,FWA
ATL,GDL
ATL,GEG
ATL,GFK
ATL,GJT
ATL,GLA
ATL,GNV
ATL,GPT
ATL,GRB
ATL,GRK
ATL,GRR
ATL,GSO
ATL,GSP
ATL,GTF
ATL,GTR
ATL,GUA
ATL,GUM
ATL,GVA
ATL,HAM
ATL,HAN
ATL,HAV
ATL,HLN
ATL,HNL
ATL,HOU
ATL,HPN
ATL,HRL
ATL,HSV
ATL,IAD
ATL,IAH
ATL,ICT
ATL,IDA
ATL,IEV
ATL,ILM
ATL,IND
ATL,ISP
ATL,IST
ATL,JAN
ATL,JAX
ATL,JFK
ATL,JNB
ATL,KIN
ATL,KWI
ATL,LAN
ATL,LAS
ATL,LAW
ATL,LAX
ATL,LBB
ATL,LBV
ATL,LCH
ATL,LEX
ATL,LFT
ATL,LGA
ATL,LGB
ATL,LGW
ATL,LHR
ATL,LIH
ATL,LIM
ATL,LIS
ATL,LIT
ATL,LNK
ATL,LON
ATL,LOS
ATL,LRD
ATL,LSE
ATL,LTN
ATL,MAD
ATL,MAF
ATL,MAN
ATL,MCI
ATL,MCO
ATL,MCT
ATL,MDT
ATL,MDW
ATL,MEM
ATL,MEX
ATL,MFE
ATL,MFR
ATL,MGM
ATL,MHK
ATL,MHT
ATL,MIA
ATL,MKE
ATL,MLB
ATL,MLI
ATL,MLU
ATL,MNL
ATL,MOB
ATL,MOT
ATL,MRY
ATL,MSN
ATL,MSO
ATL,MSP
ATL,MSY
ATL,MUC
ATL,MYR
ATL,NAP
ATL,NAS
ATL,NBO
ATL,NIM
ATL,NUE
ATL,OAJ
ATL,OAK
ATL,OKA
ATL,OKC
ATL,OMA
ATL,ONT
ATL,ORD
ATL,ORF
ATL,OSL
ATL,OTP
ATL,PAP
ATL,PAR
ATL,PBI
ATL,PDX
ATL,PEK
ATL,PGV
ATL,PHF
ATL,PHL
ATL,PHX
ATL,PIA
ATL,PIT
ATL,PNH
ATL,PNS
ATL,POS
ATL,PRG
ATL,PSC
ATL,PSP
ATL,PTY
ATL,PVD
ATL,PWM
ATL,RAP
ATL,RDM
ATL,RDU
ATL,RIC
ATL,RIO
ATL,RNO
ATL,ROA
ATL,ROC
ATL,ROM
ATL,RSW
ATL,SAL
ATL,SAN
ATL,SAO
ATL,SAT
ATL,SAV
ATL,SBA
ATL,SBN
ATL,SBP
ATL,SCE
ATL,SCL
ATL,SDF
ATL,SDQ
ATL,SEA
ATL,SEL
ATL,SEN
ATL,SFO
ATL,SGF
ATL,SHV
ATL,SIN
ATL,SJC
ATL,SJO
ATL,SJT
ATL,SJU
ATL,SLC
ATL,SMF
ATL,SNA
ATL,SPI
ATL,SPS
ATL,SRQ
ATL,STL
ATL,STN
ATL,STR
ATL,STT
ATL,STX
ATL,SUX
ATL,SWF
ATL,SXF
ATL,SYD
ATL,SYR
ATL,TGU
ATL,TLH
ATL,TLV
ATL,TPA
ATL,TRD
ATL,TRI
ATL,TUL
ATL,TUS
ATL,TVC
ATL,TXK
ATL,TXL
ATL,TYO
ATL,TYR
ATL,TYS
ATL,VCE
ATL,VIE
ATL,VLD
ATL,VPS
ATL,WAW
ATL,XNA
ATL,YKF
ATL,YKM
ATL,YOW
ATL,YTO
ATL,YTZ
ATL,YUL
ATL,YUM
ATL,YVR
ATL,YYZ
ATW,DCA
ATW,DTW
ATW,PHL
ATW,SDF
AUA,BWI
AUA,DCA
AUA,FLL
AUA,IAD
AUA,MIA
AUH,BWI
AUH,CAE
AUH,CHI
AUH,DAL
AUH,DCA
AUH,DFW
AUH,EWR
AUH,FAY
AUH,HSV
AUH,IAD
AUH,JFK
AUH,LAX
AUH,LGA
AUH,MDW
AUH,NYC
AUH,OKC
AUH,ORD
AUH,ORF
AUH,SAN
AUH,SDF
AUH,SEA
AUH,TPA
AUS,BAH
AUS,BDL
AUS,BHM
AUS,BIL
AUS,BNA
AUS,BOI
AUS,BOS
AUS,BQH
AUS,BTR
AUS,BWI
AUS,CAE
AUS,CHO
AUS,CHS
AUS,CLE
AUS,CLT
AUS,CMH
AUS,COS
AUS,CRW
AUS,CSG
AUS,CVG
AUS,DAL
AUS,DAY
AUS,DCA
AUS,DEN
AUS,DFW
AUS,DHN
AUS,DSM
AUS,DTW
AUS,ECP
AUS,ELP
AUS,EWR
AUS,FAT
AUS,FAY
AUS,FLL
AUS,FRA
AUS,GEG
AUS,GPT
AUS,GUM
AUS,HLN
AUS,HNL
AUS,HOU
AUS,HRL
AUS,HSV
AUS,IAD
AUS,IAH
AUS,IND
AUS,ISP
AUS,JAN
AUS,JAX
AUS,JFK
AUS,KWI
AUS,LAS
AUS,LAX
AUS,LBB
AUS,LEX
AUS,LGA
AUS,LGW
AUS,LHR
AUS,LIT
AUS,LON
AUS,LSE
AUS,LTN
AUS,MCI
AUS,MCO
AUS,MDT
AUS,MDW
AUS,MEM
AUS,MEX
AUS,MFE
AUS,MGM
AUS,MHT
AUS,MIA
AUS,MKE
AUS,MLI
AUS,MRY
AUS,MSN
AUS,MSP
AUS,MSY
AUS,MUC
AUS,OAK
AUS,OKA
AUS,OKC
AUS,OMA
AUS,ONT
AUS,ORD
AUS,ORF
AUS,PBI
AUS,PDX
AUS,PHF
AUS,PHL
AUS,PHX
AUS,PIT
AUS,PNS
AUS,PVD
AUS,RAP
AUS,RDU
AUS,RIC
AUS,RNO
AUS,RSW
AUS,SAN
AUS,SAV
AUS,SDF
AUS,SEA
AUS,SEL
AUS,SEN
AUS,SFO
AUS,SJC
AUS,SJU
AUS,SLC
AUS,SMF
AUS,SNA
AUS,STL
AUS,STN
AUS,STR
AUS,SYR
AUS,TPA
AUS,TUL
AUS,TUS
AUS,TYO
AUS,TYS
AUS,VPS
AUS,YUM
AVL,BOS
AVL,BWI
AVL,DCA
AVL,DEN
AVL,IAD
AVL,MCO
AVL,MSY
AVL,OKC
AVL,ORD
AVL,PDX
AVL,SEA
AVL,SLC
AVL,STL
AVP,BNA
AVP,CAE
AVP,CHS
AVP,COS
AVP,DAL
AVP,DCA
AVP,DEN
AVP,DFW
AVP,DTW
AVP,ELP
AVP,FAY
AVP,FRA
AVP,GPT
AVP,GRK
AVP,HNL
AVP,HSV
AVP,JAX
AVP,LAW
AVP,LAX
AVP,MCI
AVP,MCO
AVP,MLI
AVP,MSY
AVP,OKC
AVP,OMA
AVP,ORD
AVP,ORF
AVP,PHX
AVP,SAN
AVP,SAT
AVP,SAV
AVP,SDF
AVP,SEA
AVP,SLC
AVP,STL
AVP,TPA
AZO,BOS
AZO,BWI
AZO,CAE
AZO,DAL
AZO,DCA
AZO,DEN
AZO,DFW
AZO,DTW
AZO,FRA
AZO,HNL
AZO,IAD
AZO,JAX
AZO,LAS
AZO,LAX
AZO,MDT
AZO,MSP
AZO,MUC
AZO,OAJ
AZO,OKC
AZO,ORD
AZO,PDX
AZO,PHL
AZO,PWM
AZO,RAP
AZO,RIC
AZO,SAN
AZO,SAT
AZO,SDF
AZO,SEA
AZO,SLC
AZO,STL
BAH,BNA
BAH,BWI
BAH,CHI
BAH,CLT
BAH,DAL
BAH,DCA
BAH,DEN
BAH,DFW
BAH,DTW
BAH,ELP
BAH,EWR
BAH,IAD
BAH,JFK
BAH,LAX
BAH,LGA
BAH,MCO
BAH,MDW
BAH,MSY
BAH,NYC
BAH,ORD
BAH,PVD
BAH,SAN
BAH,SAT
BAH,SEA
BAH,TPA
BAK,BWI
BAK,DCA
BAK,IAD
BAQ,MIA
BBU,BWI
BBU,DCA
BBU,EWR
BBU,HSV
BBU,IAD
BBU,JFK
BBU,LAX
BBU,LGA
BBU,MGM
BBU,MOB
BBU,NYC
BBU,ORF
BBU,PDX
BBU,PHL
BBU,SAN
BBU,SDF
BBU,TPA
BCN,BWI
BCN,DCA
BCN,EWR
BCN,IAD
BCN,JFK
BCN,LGA
BCN,NYC
BCN,PHL
BDA,BWI
BDA,DCA
BDA,EWR
BDA,IAD
BDA,JFK
BDA,LGA
BDA,MIA
BDA,NYC
BDL,BHM
BDL,BNA
BDL,BOI
BDL,BQH
BDL,BUF
BDL,BWI
BDL,CAE
BDL,CHS
BDL,CLE
BDL,CLT
BDL,CMH
BDL,COS
BDL,CVG
BDL,DAL
BDL,DAY
BDL,DCA
BDL,DEN
BDL,DFW
BDL,DHN
BDL,DSM
BDL,DTW
BDL,ECP
BDL,ELP
BDL,EWN
BDL,EWR
BDL,FAT
BDL,FAY
BDL,FLL
BDL,FRA
BDL,GPT
BDL,GRK
BDL,GUM
BDL,HNL
BDL,HOU
BDL,HSV
BDL,IAH
BDL,IND
BDL,JAN
BDL,JAX
BDL,LAS
BDL,LAX
BDL,LGW
BDL,LHR
BDL,LIT
BDL,LON
BDL,LSE
BDL,LTN
BDL,MCI
BDL,MCO
BDL,MEM
BDL,MGM
BDL,MIA
BDL,MLI
BDL,MOB
BDL,MSN
BDL,MSP
BDL,MSY
BDL,OAJ
BDL,OKC
BDL,OMA
BDL,ONT
BDL,ORD
BDL,ORF
BDL,PBI
BDL,PDX
BDL,PHF
BDL,PHL
BDL,PHX
BDL,PIA
BDL,PIT
BDL,PNS
BDL,RDU
BDL,RIC
BDL,RNO
BDL,SAN
BDL,SAT
BDL,SAV
BDL,SDF
BDL,SEA
BDL,SEN
BDL,SFO
BDL,SJC
BDL,SJU
BDL,SLC
BDL,SMF
BDL,SNA
BDL,SPS
BDL,STL
BDL,STN
BDL,STX
BDL,TPA
BDL,TUS
BDL,TYO
BDL,TYS
BDL,VPS
BEG,BWI
BEG,DCA
BEG,IAD
BER,BIL
BER,BNA
BER,BWI
BER,CHI
BER,COS
BER,CVG
BER,DCA
BER,DEN
BER,EWR
BER,IAD
BER,JFK
BER,LAX
BER,LGA
BER,MCI
BER,MDW
BER,MSP
BER,NYC
BER,OKC
BER,OMA
BER,ORD
BER,ORF
BER,PHL
BER,RDU
BER,SAT
BER,SDF
BER,SEA
BET,FAI
BFL,BWI
BFL,DAL
BFL,DCA
BFL,DEN
BFL,DFW
BFL,IAD
BFL,OKC
BFL,ORF
BFL,PHX
BFL,SEA
BFL,SFO
BFL,SLC
BFL,STL
BFL,TUS
BFS,BWI
BFS,DCA
BFS,IAD
BGI,BWI
BGI,DCA
BGI,IAD
BGI,MIA
BGO,BWI
BGO,DCA
BGO,EWR
BGO,IAD
BGO,JFK
BGO,LGA
BGO,NYC
BGO,ORF
BGR,BNA
BGR,BWI
BGR,CHS
BGR,DAL
BGR,DCA
BGR,DEN
BGR,DFW
BGR,DTW
BGR,ELP
BGR,GPT
BGR,JAX
BGR,LGA
BGR,ORF
BGR,PHL
BGR,RIC
BGR,SAN
BGR,SAT
BGR,SDF
BGR,SEA
BGR,STL
BGY,EWR
BGY,JFK
BGY,LGA
BGY,NYC
BGY,SLC
BHM,BBU
BHM,BOI
BHM,BOS
BHM,BUH
BHM,BWI
BHM,CAE
BHM,CHS
BHM,CLE
BHM,CLT
BHM,CMH
BHM,COS
BHM,CRW
BHM,CVG
BHM,DAL
BHM,DAY
BHM,DCA
BHM,DEN
BHM,DFW
BHM,DSM
BHM,DTW
BHM,ELP
BHM,EVV
BHM,EWR
BHM,FAY
BHM,FLL
BHM,FRA
BHM,GEG
BHM,GRK
BHM,GUM
BHM,HNL
BHM,HOU
BHM,IAD
BHM,IAH
BHM,IND
BHM,JAX
BHM,JFK
BHM,LAS
BHM,LAX
BHM,LGA
BHM,LIT
BHM,LSE
BHM,MCI
BHM,MCO
BHM,MDT
BHM,MDW
BHM,MHT
BHM,MIA
BHM,MLI
BHM,MSN
BHM,MSP
BHM,MSY
BHM,OAJ
BHM,OKA
BHM,OKC
BHM,OMA
BHM,ONT
BHM,ORD
BHM,ORF
BHM,OTP
BHM,PBI
BHM,PDX
BHM,PHF
BHM,PHL
BHM,PHX
BHM,PIT
BHM,PVD
BHM,PWM
BHM,RDU
BHM,RIC
BHM,RNO
BHM,SAN
BHM,SAT
BHM,SAV
BHM,SDF
BHM,SEA
BHM,SFO
BHM,SJC
BHM,SJU
BHM,SLC
BHM,SMF
BHM,STL
BHM,SYR
BHM,TPA
BHM,TUL
BHM,TUS
BHM,TYO
BHX,BWI
BHX,DCA
BHX,IAD
BIL,BOI
BIL,BWI
BIL,DAL
BIL,DCA
BIL,DEN
BIL,DFW
BIL,FSD
BIL,IAD
BIL,LAS
BIL,LAX
BIL,LIT
BIL,MCI
BIL,MSP
BIL,MSY
BIL,OKC
BIL,OMA
BIL,ORD
BIL,PDX
BIL,PHX
BIL,PIT
BIL,RIC
BIL,RNO
BIL,SAN
BIL,SAT
BIL,SDF
BIL,SEA
BIL,SFO
BIL,SLC
BIL,SMF
BIL,STL
BIL,TUS
BIO,BWI
BIO,DCA
BIO,IAD
BIO,SAV
BIS,BWI
BIS,CAE
BIS,DAL
BIS,DCA
BIS,DEN
BIS,DFW
BIS,IAD
BIS,LAS
BIS,LIT
BIS,MCI
BIS,MSP
BIS,OKC
BIS,OMA
BIS,ORD
BIS,PHX
BIS,PIT
BIS,SAT
BIS,SLC
BIS,STL
BJI,DCA
BJI,MSP
BJI,PHX
BKA,EWR
BKA,JFK
BKA,LGA
BKA,NYC
BKK,BOS
BKK,BWI
BKK,CHI
BKK,CHS
BKK,DAL
BKK,DCA
BKK,DEN
BKK,DFW
BKK,DTW
BKK,EWR
BKK,IAD
BKK,JFK
BKK,LAX
BKK,LGA
BKK,MDW
BKK,MIA
BKK,NYC
BKK,ORD
BKK,ORF
BKK,SAN
BKK,SAT
BKK,SDF
BKK,SFO
BKK,SLC
BKK,VPS
BLI,BOI
BLI,DCA
BLI,GEG
BLI,HNL
BLI,IAD
BLI,LAS
BLI,LAX
BLI,PDX
BLI,SAN
BLI,SEA
BLQ,BWI
BLQ,DCA
BLQ,IAD
BLR,BWI
BLR,DCA
BLR,IAD
BMI,CAE
BMI,DCA
BMI,MSP
BMI,ORD
BNA,BOI
BNA,BOS
BNA,BQH
BNA,BTR
BNA,BTV
BNA,BUF
BNA,BWI
BNA,CAE
BNA,CHO
BNA,CHS
BNA,CLE
BNA,CLT
BNA,CMH
BNA,COS
BNA,CRP
BNA,CSG
BNA,CVG
BNA,DAB
BNA,DAL
BNA,DCA
BNA,DEN
BNA,DFW
BNA,DHN
BNA,DOH
BNA,DSM
BNA,DTW
BNA,ECP
BNA,ELP
BNA,EWR
BNA,EYW
BNA,FAI
BNA,FAR
BNA,FAY
BNA,FLL
BNA,FRA
BNA,GEG
BNA,GNV
BNA,GPT
BNA,GRK
BNA,GSO
BNA,GUM
BNA,HNL
BNA,HOU
BNA,IAD
BNA,IAH
BNA,ICT
BNA,ILM
BNA,ISP
BNA,IST
BNA,JAN
BNA,JAX
BNA,JFK
BNA,KWI
BNA,LAS
BNA,LAW
BNA,LAX
BNA,LBB
BNA,LGA
BNA,LGW
BNA,LHR
BNA,LIT
BNA,LON
BNA,LSE
BNA,LTN
BNA,MAF
BNA,MCI
BNA,MCO
BNA,MDT
BNA,MDW
BNA,MHK
BNA,MHT
BNA,MIA
BNA,MKE
BNA,MLB
BNA,MLI
BNA,MOB
BNA,MRY
BNA,MSN
BNA,MSP
BNA,MSY
BNA,MUC
BNA,NUE
BNA,OAJ
BNA,OAK
BNA,OKA
BNA,OKC
BNA,OMA
BNA,ONT
BNA,ORD
BNA,ORF
BNA,PAR
BNA,PBI
BNA,PDX
BNA,PHF
BNA,PHL
BNA,PHX
BNA,PIT
BNA,PNS
BNA,PVD
BNA,RAP
BNA,RDU
BNA,RIC
BNA,RNO
BNA,RSW
BNA,SAN
BNA,SAT
BNA,SAV
BNA,SEA
BNA,SEL
BNA,SEN
BNA,SFO
BNA,SHV
BNA,SJC
BNA,SJT
BNA,SJU
BNA,SLC
BNA,SMF
BNA,SNA
BNA,STL
BNA,STN
BNA,STR
BNA,SWF
BNA,SYD
BNA,SYR
BNA,TGU
BNA,TLH
BNA,TLV
BNA,TPA
BNA,TUL
BNA,TUS
BNA,TYO
BNA,VCE
BNA,VIE
BNA,VPS
BNA,YUM
BNE,BWI
BNE,DCA
BNE,HNL
BNE,IAD
BNE,LAX
BNE,SAN
BNE,SEA
BOG,BOS
BOG,BWI
BOG,CAE
BOG,DAL
BOG,DCA
BOG,DEN
BOG,DFW
BOG,ELP
BOG,EWR
BOG,FAY
BOG,HOU
BOG,IAD
BOG,IAH
BOG,JAX
BOG,JFK
BOG,LAX
BOG,LGA
BOG,MCO
BOG,MIA
BOG,MSY
BOG,NYC
BOG,ORF
BOG,RDU
BOG,SAN
BOG,SAT
BOG,SAV
BOG,SFO
BOG,TPA
BOG,TUS
BOG,VPS
BOI,BBU
BOI,BOS
BOI,BQH
BOI,BUH
BOI,BUR
BOI,BWI
BOI,CAE
BOI,CHS
BOI,CLE
BOI,CLT
BOI,CMH
BOI,COS
BOI,CPR
BOI,CVG
BOI,DAL
BOI,DAY
BOI,DCA
BOI,DEN
BOI,DFW
BOI,DRO
BOI,DSM
BOI,DTW
BOI,EAT
BOI,ECP
BOI,ELP
BOI,EUG
BOI,EWR
BOI,FAI
BOI,FAT
BOI,FLG
BOI,GEG
BOI,GJT
BOI,GPT
BOI,GUM
BOI,HNL
BOI,HSV
BOI,IAD
BOI,IAH
BOI,IND
BOI,JAX
BOI,LAS
BOI,LAX
BOI,LGW
BOI,LHR
BOI,LIT
BOI,LON
BOI,LTN
BOI,LWS
BOI,MCI
BOI,MCO
BOI,MDT
BOI,MEM
BOI,MFR
BOI,MKE
BOI,MRY
BOI,MSN
BOI,MSP
BOI,MSY
BOI,OAJ
BOI,OAK
BOI,OKA
BOI,OKC
BOI,OMA
BOI,ONT
BOI,ORD
BOI,OTP
BOI,PDX
BOI,PHL
BOI,PHX
BOI,RAP
BOI,RDM
BOI,RDU
BOI,RIC
BOI,RNO
BOI,SAN
BOI,SAT
BOI,SAV
BOI,SDF
BOI,SEA
BOI,SEL
BOI,SEN
BOI,SFO
BOI,SGU
BOI,SHV
BOI,SJC
BOI,SLC
BOI,SMF
BOI,SNA
BOI,SPS
BOI,STL
BOI,STN
BOI,TPA
BOI,TUS
BOI,VPS
BOI,YKM
BOM,BWI
BOM,DCA
BOM,EWR
BOM,IAD
BOM,JFK
BOM,LGA
BOM,NYC
BOS,BGY
BOS,BQH
BOS,BQK
BOS,BRU
BOS,BTR
BOS,BUD
BOS,BUF
BOS,BWI
BOS,CAE
BOS,CHO
BOS,CHS
BOS,CID
BOS,CLE
BOS,CLT
BOS,CMH
BOS,CMI
BOS,COS
BOS,CPH
BOS,CRP
BOS,CRW
BOS,CSG
BOS,CVG
BOS,DAL
BOS,DAY
BOS,DCA
BOS,DEL
BOS,DEN
BOS,DFW
BOS,DHN
BOS,DOH
BOS,DSM
BOS,DTW
BOS,DXB
BOS,ECP
BOS,EDI
BOS,ELP
BOS,EWN
BOS,EWR
BOS,EYW
BOS,FAI
BOS,FAR
BOS,FAT
BOS,FAY
BOS,FLL
BOS,FRA
BOS,FUK
BOS,GEG
BOS,GFK
BOS,GLA
BOS,GNV
BOS,GPT
BOS,GRK
BOS,GRR
BOS,GSO
BOS,GUM
BOS,HAV
BOS,HLN
BOS,HNL
BOS,HOU
BOS,HSV
BOS,IAD
BOS,IAH
BOS,ICT
BOS,ILM
BOS,IND
BOS,ITO
BOS,JAN
BOS,JAX
BOS,JFK
BOS,LAS
BOS,LAW
BOS,LAX
BOS,LEX
BOS,LGA
BOS,LGW
BOS,LHR
BOS,LIM
BOS,LIN
BOS,LIS
BOS,LIT
BOS,LON
BOS,LRD
BOS,LSE
BOS,LTN
BOS,MAD
BOS,MBJ
BOS,MCI
BOS,MCO
BOS,MDT
BOS,MDW
BOS,MEM
BOS,MEX
BOS,MGM
BOS,MIA
BOS,MIL
BOS,MKE
BOS,MLI
BOS,MOB
BOS,MRY
BOS,MSN
BOS,MSP
BOS,MSY
BOS,MUC
BOS,MXP
BOS,NAP
BOS,NBO
BOS,OAJ
BOS,OAK
BOS,OKA
BOS,OKC
BOS,OMA
BOS,ONT
BOS,ORD
BOS,ORF
BOS,OSL
BOS,PAR
BOS,PBI
BOS,PDX
BOS,PEK
BOS,PHF
BOS,PHL
BOS,PHX
BOS,PIT
BOS,PMF
BOS,PNS
BOS,POS
BOS,PTY
BOS,PUJ
BOS,RDU
BOS,REK
BOS,RIC
BOS,RIO
BOS,RNO
BOS,ROA
BOS,ROC
BOS,ROM
BOS,RST
BOS,RSW
BOS,SAL
BOS,SAN
BOS,SAT
BOS,SAV
BOS,SBA
BOS,SCL
BOS,SDF
BOS,SDQ
BOS,SEA
BOS,SEL
BOS,SEN
BOS,SFO
BOS,SHV
BOS,SIN
BOS,SJC
BOS,SJT
BOS,SJU
BOS,SLC
BOS,SMF
BOS,SNA
BOS,SPI
BOS,SPS
BOS,STL
BOS,STN
BOS,STR
BOS,STT
BOS,SYD
BOS,SYR
BOS,TPA
BOS,TPE
BOS,TUL
BOS,TUS
BOS,TYO
BOS,TYS
BOS,VCE
BOS,VPS
BOS,WAW
BOS,XRY
BOS,YHZ
BOS,YVR
BOS,ZRH
BPT,DAL
BPT,DFW
BQH,EWR
BQH,JFK
BQH,LGA
BQH,MCI
BQH,MCO
BQH,MGM
BQH,MIA
BQH,MSP
BQH,MSY
BQH,NYC
BQH,OAJ
BQH,OKC
BQH,OMA
BQH,ORF
BQH,PDX
BQH,PHL
BQH,PHX
BQH,PIT
BQH,PNS
BQH,PVD
BQH,RDU
BQH,RIC
BQH,SAN
BQH,SAT
BQH,SAV
BQH,SDF
BQH,SEA
BQH,SFO
BQH,SHV
BQH,SLC
BQH,SMF
BQH,STL
BQH,SYR
BQH,TPA
BQH,TUS
BQH,VLD
BQH,VPS
BQK,BWI
BQK,DAL
BQK,DCA
BQK,DEN
BQK,DFW
BQK,DTW
BQK,ELP
BQK,EWR
BQK,HNL
BQK,IAD
BQK,IAH
BQK,LAS
BQK,LAX
BQK,MCI
BQK,MSP
BQK,MSY
BQK,OKC
BQK,ORD
BQK,ORF
BQK,PDX
BQK,PHL
BQK,PHX
BQK,RIC
BQK,SAN
BQK,SAT
BQK,SEA
BQK,SFO
BQK,SLC
BQK,SMF
BQK,STL
BQN,MCO
BRE,BWI
BRE,CLE
BRE,DCA
BRE,HOU
BRE,IAD
BRE,IAH
BRE,LAX
BRO,DAL
BRO,DCA
BRO,DFW
BRO,ELP
BRO,IAD
BRO,JAX
BRO,MSY
BRO,SAN
BRU,BWI
BRU,CHI
BRU,COS
BRU,DAL
BRU,DAY
BRU,DCA
BRU,DEN
BRU,DFW
BRU,DTW
BRU,ELP
BRU,EWR
BRU,FAY
BRU,GRK
BRU,HSV
BRU,IAD
BRU,JFK
BRU,LAX
BRU,LGA
BRU,MCO
BRU,MDW
BRU,NYC
BRU,OKC
BRU,ORD
BRU,ORF
BRU,PHL
BRU,RDU
BRU,SAN
BRU,SAT
BRU,SAV
BRU,SEA
BRU,STL
BRU,TPA
BRW,FAI
BRW,SEA
BSB,BWI
BSB,DCA
BSB,EWR
BSB,IAD
BSB,JFK
BSB,LGA
BSB,MIA
BSB,NYC
BTM,BWI
BTM,CAE
BTM,DCA
BTM,DEN
BTM,IAD
BTM,ORD
BTM,SAN
BTM,SLC
BTR,BWI
BTR,CAE
BTR,CLT
BTR,CRW
BTR,DAL
BTR,DCA
BTR,DEN
BTR,DFW
BTR,FLL
BTR,HNL
BTR,HSV
BTR,IAD
BTR,IAH
BTR,JAX
BTR,LAX
BTR,LGA
BTR,MCI
BTR,MCO
BTR,MHT
BTR,MSP
BTR,OKC
BTR,ORD
BTR,ORF
BTR,PDX
BTR,PHL
BTR,PIT
BTR,RDU
BTR,RIC
BTR,SAN
BTR,SAT
BTR,SAV
BTR,SDF
BTR,SEA
BTR,SFO
BTR,SJU
BTR,SMF
BTR,STL
BTR,TPA
BTV,BWI
BTV,CAE
BTV,CHS
BTV,CLE
BTV,CLT
BTV,COS
BTV,CRW
BTV,DAL
BTV,DAY
BTV,DCA
BTV,DEN
BTV,DFW
BTV,DTW
BTV,ELP
BTV,EWR
BTV,FAY
BTV,HNL
BTV,HSV
BTV,IAD
BTV,IAH
BTV,IND
BTV,JAX
BTV,JFK
BTV,LAS
BTV,LAX
BTV,LGA
BTV,LIT
BTV,MCI
BTV,MCO
BTV,MIA
BTV,MSN
BTV,MSP
BTV,MSY
BTV,OKC
BTV,OMA
BTV,ORD
BTV,ORF
BTV,PDX
BTV,PHL
BTV,PHX
BTV,PIT
BTV,RDU
BTV,RIC
BTV,SAN
BTV,SAT
BTV,SAV
BTV,SDF
BTV,SEA
BTV,SFO
BTV,SJU
BTV,SLC
BTV,SMF
BTV,SNA
BTV,STL
BTV,TPA
BTV,TUS
BTV,TYS
BTV,VPS
BUD,BWI
BUD,CHI
BUD,CMH
BUD,DCA
BUD,DEN
BUD,EWR
BUD,IAD
BUD,JFK
BUD,LGA
BUD,MDW
BUD,NYC
BUD,ORD
BUD,SDF
BUE,BWI
BUE,DCA
BUE,EWR
BUE,HOU
BUE,IAD
BUE,IAH
BUE,JFK
BUE,LGA
BUE,MIA
BUE,NYC
BUE,ORF
BUF,BQH
BUF,BWI
BUF,CAE
BUF,CHS
BUF,CLT
BUF,CVG
BUF,DAL
BUF,DCA
BUF,DEN
BUF,DFW
BUF,DTW
BUF,ELP
BUF,EWR
BUF,FLL
BUF,GPT
BUF,HNL
BUF,HSV
BUF,IAD
BUF,IAH
BUF,IND
BUF,ISP
BUF,JAN
BUF,JAX
BUF,JFK
BUF,LAS
BUF,LAX
BUF,LGA
BUF,LGW
BUF,LHR
BUF,LIT
BUF,LON
BUF,LTN
BUF,MCI
BUF,MCO
BUF,MEM
BUF,MIA
BUF,MSN
BUF,MSP
BUF,MSY
BUF,OKA
BUF,OKC
BUF,ORD
BUF,ORF
BUF,PDX
BUF,PHF
BUF,PHL
BUF,PHX
BUF,PNS
BUF,PVD
BUF,RAP
BUF,RDU
BUF,RIC
BUF,SAN
BUF,SAT
BUF,SAV
BUF,SDF
BUF,SEA
BUF,SEN
BUF,SFO
BUF,SJU
BUF,SLC
BUF,SMF
BUF,SNA
BUF,STL
BUF,STN
BUF,TIA
BUF,TPA
BUF,TUL
BUF,TUS
BUF,TYO
BUF,VPS
BUH,BWI
BUH,DCA
BUH,EWR
BUH,HSV
BUH,IAD
BUH,JFK
BUH,LAX
BUH,LGA
BUH,MGM
BUH,MOB
BUH,NYC
BUH,ORF
BUH,PDX
BUH,PHL
BUH,SAN
BUH,SDF
BUH,TPA
BUR,BWI
BUR,COS
BUR,DAL
BUR,DCA
BUR,DEN
BUR,DFW
BUR,ELP
BUR,EWR
BUR,HOU
BUR,IAD
BUR,IAH
BUR,JAX
BUR,LAS
BUR,MCI
BUR,OAK
BUR,OKC
BUR,ORF
BUR,PDX
BUR,PHL
BUR,PHX
BUR,SAT
BUR,SEA
BUR,SFO
BUR,SJC
BUR,SLC
BUR,SMF
BUR,TUS
BWI,BGY
BWI,BKA
BWI,BQH
BWI,BZE
BWI,BZN
BWI,BZV
BWI,CAE
BWI,CAI
BWI,CAN
BWI,CAS
BWI,CBR
BWI,CCS
BWI,CGK
BWI,CGN
BWI,CHA
BWI,CHC
BWI,CHS
BWI,CID
BWI,CLE
BWI,CLL
BWI,CLT
BWI,CMB
BWI,CMH
BWI,CMI
BWI,COO
BWI,COS
BWI,CPH
BWI,CPT
BWI,CRP
BWI,CRW
BWI,CSG
BWI,CTA
BWI,CTG
BWI,CTU
BWI,CUN
BWI,CUR
BWI,CVG
BWI,DAB
BWI,DAL
BWI,DAR
BWI,DAY
BWI,DEL
BWI,DEN
BWI,DFW
BWI,DHN
BWI,DLA
BWI,DLH
BWI,DME
BWI,DOH
BWI,DRS
BWI,DSM
BWI,DTW
BWI,DUB
BWI,DUS
BWI,DXB
BWI,EAP
BWI,EBB
BWI,ECP
BWI,EDI
BWI,ELP
BWI,EUG
BWI,EVN
BWI,EWR
BWI,EYW
BWI,FAI
BWI,FAR
BWI,FAT
BWI,FAY
BWI,FIH
BWI,FLG
BWI,FLL
BWI,FLR
BWI,FNT
BWI,FRA
BWI,FSD
BWI,FSM
BWI,FUK
BWI,FWA
BWI,GDL
BWI,GDN
BWI,GEG
BWI,GFK
BWI,GLA
BWI,GND
BWI,GNV
BWI,GOA
BWI,GOT
BWI,GPT
BWI,GRB
BWI,GRK
BWI,GRR
BWI,GSO
BWI,GSP
BWI,GTF
BWI,GTR
BWI,GUA
BWI,GUM
BWI,GVA
BWI,GYE
BWI,HAJ
BWI,HAM
BWI,HAN
BWI,HAV
BWI,HEL
BWI,HKG
BWI,HLN
BWI,HLP
BWI,HNL
BWI,HOU
BWI,HRL
BWI,HSV
BWI,HYD
BWI,IAH
BWI,ICT
BWI,IDA
BWI,IEV
BWI,ILM
BWI,IND
BWI,ISB
BWI,ISP
BWI,IST
BWI,JAC
BWI,JAN
BWI,JAX
BWI,JFK
BWI,JKT
BWI,JNB
BWI,KGL
BWI,KIN
BWI,KRK
BWI,KUL
BWI,KWI
BWI,LAN
BWI,LAS
BWI,LAX
BWI,LBA
BWI,LBB
BWI,LBV
BWI,LCA
BWI,LEX
BWI,LFW
BWI,LGB
BWI,LGW
BWI,LHR
BWI,LIH
BWI,LIM
BWI,LIN
BWI,LIS
BWI,LIT
BWI,LNK
BWI,LON
BWI,LOS
BWI,LPB
BWI,LRD
BWI,LSE
BWI,LTN
BWI,LUX
BWI,LYS
BWI,MAA
BWI,MAD
BWI,MAN
BWI,MBJ
BWI,MCI
BWI,MCO
BWI,MDE
BWI,MDW
BWI,MEL
BWI,MEM
BWI,MEX
BWI,MFE
BWI,MGA
BWI,MGM
BWI,MHK
BWI,MHT
BWI,MIA
BWI,MID
BWI,MIL
BWI,MKE
BWI,MLA
BWI,MLB
BWI,MLI
BWI,MOB
BWI,MOT
BWI,MOW
BWI,MRS
BWI,MRY
BWI,MSN
BWI,MSO
BWI,MSP
BWI,MSY
BWI,MTY
BWI,MUC
BWI,MVD
BWI,MXP
BWI,NAP
BWI,NAS
BWI,NBO
BWI,NCE
BWI,NGO
BWI,NIM
BWI,NUE
BWI,OAJ
BWI,OAK
BWI,OKA
BWI,OKC
BWI,OMA
BWI,ONT
BWI,ORD
BWI,ORF
BWI,OSA
BWI,OSL
BWI,PAP
BWI,PAR
BWI,PBI
BWI,PDX
BWI,PEK
BWI,PHL
BWI,PHX
BWI,PIA
BWI,PIT
BWI,PMF
BWI,PNH
BWI,PNS
BWI,POS
BWI,PRG
BWI,PSA
BWI,PSC
BWI,PSP
BWI,PTY
BWI,PUJ
BWI,PUS
BWI,PVD
BWI,PWM
BWI,QRO
BWI,RAP
BWI,RBA
BWI,RDU
BWI,REK
BWI,RIO
BWI,RIX
BWI,RNO
BWI,ROC
BWI,ROM
BWI,RSW
BWI,SAF
BWI,SAL
BWI,SAN
BWI,SAO
BWI,SAP
BWI,SAT
BWI,SAV
BWI,SBA
BWI,SBN
BWI,SBP
BWI,SCL
BWI,SDF
BWI,SDQ
BWI,SEA
BWI,SEL
BWI,SEN
BWI,SFO
BWI,SGF
BWI,SGN
BWI,SHA
BWI,SHV
BWI,SIN
BWI,SJC
BWI,SJJ
BWI,SJO
BWI,SJT
BWI,SJU
BWI,SKP
BWI,SLC
BWI,SLU
BWI,SMF
BWI,SNA
BWI,SNN
BWI,SOF
BWI,SPN
BWI,SRZ
BWI,STL
BWI,STN
BWI,STO
BWI,STR
BWI,STT
BWI,SVG
BWI,SVO
BWI,SXM
BWI,SYD
BWI,SYR
BWI,TAE
BWI,TGU
BWI,TIA
BWI,TLH
BWI,TLL
BWI,TLS
BWI,TLV
BWI,TNR
BWI,TPA
BWI,TPE
BWI,TRD
BWI,TRI
BWI,TRN
BWI,TSE
BWI,TUL
BWI,TUN
BWI,TUS
BWI,TVC
BWI,TYO
BWI,TYS
BWI,UIO
BWI,VCE
BWI,VIE
BWI,VKO
BWI,VLD
BWI,VPS
BWI,VRN
BWI,WAW
BWI,XNA
BWI,XRY
BWI,YAO
BWI,YEG
BWI,YHZ
BWI,YKF
BWI,YOW
BWI,YQB
BWI,YTO
BWI,YTZ
BWI,YUL
BWI,YVR
BWI,YWG
BWI,YYC
BWI,YYJ
BWI,YYZ
BWI,ZAG
BWI,ZRH
BZE,DAL
BZE,DCA
BZE,DFW
BZE,EWR
BZE,HOU
BZE,IAD
BZE,IAH
BZE,JFK
BZE,LAX
BZE,LGA
BZE,MIA
BZE,NYC
BZE,SAN
BZE,SAT
BZE,VPS
BZN,DCA
BZN,DEN
BZN,IAD
BZN,LAS
BZN,LAX
BZN,MSP
BZN,ORD
BZN,PDX
BZN,PHX
BZN,SAN
BZN,SDF
BZN,SEA
BZN,SFO
BZN,SLC
BZN,SMF
BZN,TUS
BZV,DCA
BZV,IAD
CAE,BQH
CAE,CAK
CAE,CID
CAE,CLE
CAE,CLT
CAE,CMH
CAE,COS
CAE,CRP
CAE,CRW
CAE,CSG
CAE,CVG
CAE,DAL
CAE,DAY
CAE,DCA
CAE,DEN
CAE,DFW
CAE,DHN
CAE,DOH
CAE,DSM
CAE,DTW
CAE,DXB
CAE,ECP
CAE,ELP
CAE,EUG
CAE,EVV
CAE,EWR
CAE,FAI
CAE,FAR
CAE,FAT
CAE,FLL
CAE,FNT
CAE,FRA
CAE,FSD
CAE,FWA
CAE,GEG
CAE,GPT
CAE,GRR
CAE,GTF
CAE,GTR
CAE,GUM
CAE,HLN
CAE,HNL
CAE,HOU
CAE,HSV
CAE,IAD
CAE,IAH
CAE,ICT
CAE,IND
CAE,JAN
CAE,JAX
CAE,JFK
CAE,KWI
CAE,LAS
CAE,LAX
CAE,LBB
CAE,LEX
CAE,LFT
CAE,LGA
CAE,LGW
CAE,LHR
CAE,LIT
CAE,LON
CAE,LTN
CAE,MCI
CAE,MCO
CAE,MDT
CAE,MDW
CAE,MEM
CAE,MFE
CAE,MGM
CAE,MHT
CAE,MIA
CAE,MKE
CAE,MLI
CAE,MLU
CAE,MOB
CAE,MRY
CAE,MSN
CAE,MSP
CAE,MSY
CAE,MUC
CAE,OKA
CAE,OKC
CAE,OMA
CAE,ONT
CAE,ORD
CAE,ORF
CAE,PBI
CAE,PDX
CAE,PHF
CAE,PHL
CAE,PHX
CAE,PIA
CAE,PIT
CAE,PNS
CAE,PVD
CAE,PWM
CAE,RAP
CAE,RDU
CAE,RIC
CAE,RNO
CAE,ROC
CAE,SAN
CAE,SAT
CAE,SBN
CAE,SDF
CAE,SEA
CAE,SEL
CAE,SEN
CAE,SFO
CAE,SGF
CAE,SHV
CAE,SJC
CAE,SJT
CAE,SJU
CAE,SLC
CAE,SMF
CAE,SNA
CAE,SPS
CAE,STL
CAE,STN
CAE,STR
CAE,SYR
CAE,TLH
CAE,TPA
CAE,TUL
CAE,TUS
CAE,TYO
CAE,TYR
CAE,TYS
CAE,VPS
CAI,DAY
CAI,DCA
CAI,DEN
CAI,DTW
CAI,EWR
CAI,IAD
CAI,JFK
CAI,LGA
CAI,NYC
CAI,SAN
CAI,SFO
CAI,SLC
CAK,DCA
CAK,DEN
CAK,GPT
CAK,HNL
CAK,LAX
CAK,MCO
CAK,MSP
CAK,MSY
CAK,OKC
CAK,ORD
CAK,ORF
CAK,PHL
CAK,RIC
CAK,SAT
CAK,SDF
CAK,SEA
CAK,STL
CAN,DCA
CAN,IAD
CAN,LAX
CAS,DCA
CAS,EWR
CAS,IAD
CAS,JFK
CAS,LGA
CAS,NYC
CAS,SDF
CBR,DCA
CBR,IAD
CBR,LAX
CCS,DCA
CCS,IAD
CCS,MIA
CDC,SLC
CDV,JNU
CDV,SEA
CGK,SAN
CGK,SDF
CGN,DCA
CGN,IAD
CHA,CLT
CHA,DAL
CHA,DCA
CHA,DEN
CHA,DFW
CHA,DTW
CHA,HNL
CHA,JAX
CHA,LAX
CHA,LGA
CHA,MCI
CHA,MCO
CHA,MSY
CHA,OKC
CHA,ORD
CHA,ORF
CHA,PHL
CHA,PHX
CHA,PIT
CHA,RIC
CHA,SAN
CHA,SAT
CHA,SEA
CHA,STL
CHA,TPA
CHC,DCA
CHC,IAD
CHI,BQH
CHI,DOH
CHI,DXB
CHI,FRA
CHI,FUK
CHI,GUM
CHI,HAV
CHI,HKG
CHI,IST
CHI,KRK
CHI,KWI
CHI,LGW
CHI,LHR
CHI,LON
CHI,LTN
CHI,MAD
CHI,MEX
CHI,MUC
CHI,NAP
CHI,OKA
CHI,PAR
CHI,PEK
CHI,PTY
CHI,SEL
CHI,SEN
CHI,SIN
CHI,SJJ
CHI,STN
CHI,STR
CHI,TGU
CHI,TYO
CHI,VIE
CHI,WAW
CHI,XRY
CHI,YEG
CHI,YKF
CHI,YOW
CHI,YTO
CHI,YTZ
CHI,YUL
CHI,YYZ
CHO,CSG
CHO,DAL
CHO,DAY
CHO,DEN
CHO,DFW
CHO,DTW
CHO,ELP
CHO,HNL
CHO,HSV
CHO,JAX
CHO,LAX
CHO,LGA
CHO,MCI
CHO,MCO
CHO,OKC
CHO,OMA
CHO,ORD
CHO,PHL
CHO,SAN
CHO,SAT
CHO,SDF
CHO,SEA
CHO,SFO
CHO,SLC
CHO,STL
CHO,TPA
CHO,TUS
CHO,VPS
CHS,BQH
CHS,CLE
CHS,CLT
CHS,CMH
CHS,COS
CHS,CRP
CHS,CTA
CHS,CVG
CHS,DAL
CHS,DAY
CHS,DCA
CHS,DEN
CHS,DFW
CHS,DSM
CHS,DTW
CHS,ECP
CHS,ELP
CHS,EWR
CHS,EYW
CHS,FAI
CHS,FLL
CHS,FRA
CHS,GEG
CHS,GPT
CHS,GRK
CHS,GRR
CHS,GUM
CHS,HAV
CHS,HNL
CHS,HOU
CHS,HSV
CHS,IAD
CHS,IAH
CHS,ICT
CHS,IND
CHS,JAN
CHS,JFK
CHS,LAS
CHS,LAX
CHS,LGA
CHS,LGW
CHS,LHR
CHS,LIT
CHS,LON
CHS,LRD
CHS,LTN
CHS,MAD
CHS,MCI
CHS,MDT
CHS,MDW
CHS,MEM
CHS,MFE
CHS,MGM
CHS,MHT
CHS,MIA
CHS,MKE
CHS,MLI
CHS,MOB
CHS,MSP
CHS,MSY
CHS,NAP
CHS,OAK
CHS,OKA
CHS,OKC
CHS,OMA
CHS,ONT
CHS,ORD
CHS,ORF
CHS,PAR
CHS,PBI
CHS,PDX
CHS,PHF
CHS,PHL
CHS,PHX
CHS,PIT
CHS,PNS
CHS,PVD
CHS,PWM
CHS,RIC
CHS,RNO
CHS,SAN
CHS,SAT
CHS,SBP
CHS,SDF
CHS,SEA
CHS,SEL
CHS,SEN
CHS,SFO
CHS,SGF
CHS,SHV
CHS,SJC
CHS,SJU
CHS,SLC
CHS,SMF
CHS,SNA
CHS,STL
CHS,STN
CHS,STR
CHS,SYR
CHS,TPA
CHS,TUL
CHS,TUS
CHS,TYO
CHS,TYS
CHS,VCE
CHS,VPS
CHS,YUM
CID,DAL
CID,DAY
CID,DCA
CID,DEN
CID,DFW
CID,DTW
CID,ELP
CID,EWR
CID,HSV
CID,IAD
CID,IAH
CID,IND
CID,LAX
CID,LGA
CID,MCO
CID,MSP
CID,MSY
CID,OKC
CID,ORD
CID,ORF
CID,PHL
CID,PHX
CID,RDU
CID,RIC
CID,SAN
CID,SAT
CID,SDF
CID,SEA
CID,SLC
CID,TPA
CID,VPS
CIU,DTW
CLE,BQH
CLE,CLT
CLE,COS
CLE,DAL
CLE,DCA
CLE,DEN
CLE,DFW
CLE,DTW
CLE,ECP
CLE,ELP
CLE,EWR
CLE,FAY
CLE,FLL
CLE,FRA
CLE,FSD
CLE,GPT
CLE,GRK
CLE,GUM
CLE,HNL
CLE,HOU
CLE,HSV
CLE,IAD
CLE,IAH
CLE,ICT
CLE,IND
CLE,JAN
CLE,JAX
CLE,JFK
CLE,LAS
CLE,LAX
CLE,LBB
CLE,LGA
CLE,LGW
CLE,LHR
CLE,LIT
CLE,LON
CLE,LSE
CLE,LTN
CLE,MCI
CLE,MCO
CLE,MDW
CLE,MEM
CLE,MGM
CLE,MHK
CLE,MHT
CLE,MIA
CLE,MKE
CLE,MSN
CLE,MSP
CLE,MSY
CLE,MUC
CLE,OAJ
CLE,OAK
CLE,OKA
CLE,OKC
CLE,OMA
CLE,ONT
CLE,ORD
CLE,ORF
CLE,PDX
CLE,PHF
CLE,PHL
CLE,PHX
CLE,PNS
CLE,PVD
CLE,RDU
CLE,RIC
CLE,RNO
CLE,SAN
CLE,SAT
CLE,SAV
CLE,SDF
CLE,SEA
CLE,SEL
CLE,SEN
CLE,SFO
CLE,SJC
CLE,SJU
CLE,SLC
CLE,SMF
CLE,STL
CLE,STN
CLE,TLV
CLE,TPA
CLE,TUS
CLE,TYO
CLL,DCA
CLL,DEN
CLO,MIA
CLT,BQH
CLT,CMH
CLT,COS
CLT,CRW
CLT,CSG
CLT,CVG
CLT,CWA
CLT,DAL
CLT,DAY
CLT,DCA
CLT,DEN
CLT,DFW
CLT,DOH
CLT,DSM
CLT,DTW
CLT,ELP
CLT,EVV
CLT,EWN
CLT,EWR
CLT,EYW
CLT,FAI
CLT,FAT
CLT,FAY
CLT,FLL
CLT,FRA
CLT,GEG
CLT,GPT
CLT,GRK
CLT,GRR
CLT,GUM
CLT,HAV
CLT,HNL
CLT,HSV
CLT,IAD
CLT,IAH
CLT,IND
CLT,JAN
CLT,JAX
CLT,JFK
CLT,KWI
CLT,LAS
CLT,LAW
CLT,LAX
CLT,LEX
CLT,LGA
CLT,LGW
CLT,LHR
CLT,LIT
CLT,LON
CLT,LSE
CLT,LTN
CLT,MCI
CLT,MCO
CLT,MDT
CLT,MEM
CLT,MGM
CLT,MHT
CLT,MIA
CLT,MKE
CLT,MLB
CLT,MLI
CLT,MOB
CLT,MRY
CLT,MSN
CLT,MSP
CLT,MSY
CLT,OAJ
CLT,OAK
CLT,OKA
CLT,OKC
CLT,OMA
CLT,ONT
CLT,ORD
CLT,ORF
CLT,PAR
CLT,PBI
CLT,PDX
CLT,PHF
CLT,PHL
CLT,PHX
CLT,PIT
CLT,PNS
CLT,PSP
CLT,PVD
CLT,PWM
CLT,RDU
CLT,RIC
CLT,RNO
CLT,SAN
CLT,SAT
CLT,SAV
CLT,SDF
CLT,SEA
CLT,SEL
CLT,SEN
CLT,SFO
CLT,SJT
CLT,SJU
CLT,SLC
CLT,SMF
CLT,SPS
CLT,STL
CLT,STN
CLT,SYR
CLT,TPA
CLT,TUL
CLT,TUS
CLT,TYO
CLT,VPS
CMB,DCA
CMB,EWR
CMB,IAD
CMB,JFK
CMB,LGA
CMB,NYC
CMH,BQH
CMH,COS
CMH,CRP
CMH,CSG
CMH,DAL
CMH,DCA
CMH,DEN
CMH,DFW
CMH,DSM
CMH,DTW
CMH,ECP
CMH,ELP
CMH,EWR
CMH,FAY
CMH,FLL
CMH,FRA
CMH,GPT
CMH,GRK
CMH,GUM
CMH,HNL
CMH,HSV
CMH,IAD
CMH,IAH
CMH,ICT
CMH,JAX
CMH,JFK
CMH,LAS
CMH,LAW
CMH,LAX
CMH,LGA
CMH,LGW
CMH,LHR
CMH,LIT
CMH,LON
CMH,LSE
CMH,LTN
CMH,MCI
CMH,MCO
CMH,MDT
CMH,MDW
CMH,MEM
CMH,MGM
CMH,MHT
CMH,MIA
CMH,MKE
CMH,MLI
CMH,MRY
CMH,MSN
CMH,MSP
CMH,MSY
CMH,OAJ
CMH,OAK
CMH,OKA
CMH,OKC
CMH,OMA
CMH,ONT
CMH,ORD
CMH,ORF
CMH,PDX
CMH,PHF
CMH,PHL
CMH,PHX
CMH,PNS
CMH,PVD
CMH,RDU
CMH,RIC
CMH,SAN
CMH,SAT
CMH,SAV
CMH,SEA
CMH,SEL
CMH,SEN
CMH,SFO
CMH,SJC
CMH,SLC
CMH,SMF
CMH,SNA
CMH,SPS
CMH,STL
CMH,STN
CMH,SYR
CMH,TLV
CMH,TPA
CMH,TUS
CMH,TYO
CMH,VPS
CMI,DAL
CMI,DCA
CMI,DEN
CMI,DFW
CMI,JAN
CMI,ORD
CMI,RIC
CMI,SAT
CMX,DCA
CMX,ORD
COD,DCA
COD,DEN
COD,SLC
COO,DCA
COO,IAD
COS,BQH
COS,CPR
COS,CRW
COS,CSG
COS,CVG
COS,DAL
COS,DAY
COS,DCA
COS,DEN
COS,DFW
COS,DHN
COS,DOH
COS,DSM
COS,DTW
COS,ECP
COS,ELP
COS,EWR
COS,EYW
COS,FAI
COS,FAR
COS,FAY
COS,FLL
COS,FRA
COS,FUK
COS,GEG
COS,GPT
COS,GRK
COS,GSP
COS,GTF
COS,GUA
COS,GUM
COS,HNL
COS,HSV
COS,IAD
COS,IAH
COS,ICT
COS,ILM
COS,IND
COS,JAN
COS,JAX
COS,LAS
COS,LAW
COS,LAX
COS,LEX
COS,LGA
COS,LGW
COS,LHR
COS,LIT
COS,LON
COS,LTN
COS,MCI
COS,MCO
COS,MDT
COS,MEM
COS,MEX
COS,MGM
COS,MIA
COS,MKE
COS,MLI
COS,MOB
COS,MOT
COS,MSN
COS,MSO
COS,MSP
COS,MSY
COS,MUC
COS,NAS
COS,NUE
COS,OAK
COS,OGG
COS,OKA
COS,OKC
COS,OMA
COS,ONT
COS,ORD
COS,ORF
COS,PAR
COS,PDX
COS,PHF
COS,PHL
COS,PHX
COS,PIT
COS,PNS
COS,PVD
COS,RAP
COS,RDU
COS,RIC
COS,RNO
COS,SAN
COS,SAT
COS,SAV
COS,SBA
COS,SBP
COS,SDF
COS,SEA
COS,SEL
COS,SEN
COS,SFO
COS,SGF
COS,SHV
COS,SIN
COS,SJC
COS,SJU
COS,SLC
COS,SMF
COS,SNA
COS,SPS
COS,STL
COS,STN
COS,STR
COS,SYR
COS,TPA
COS,TUL
COS,TUS
COS,TYO
COS,TYS
COS,VCE
COS,VPS
COS,WAW
COS,YEG
COS,YOW
COU,DAL
COU,DCA
COU,DFW
COU,ORD
CPH,DCA
CPH,DTW
CPH,EWR
CPH,IAD
CPH,JFK
CPH,LGA
CPH,MCO
CPH,NYC
CPH,ORF
CPH,SEA
CPH,SLC
CPR,DAL
CPR,DCA
CPR,DEN
CPR,DFW
CPR,ELP
CPR,IAD
CPR,PHX
CPR,SEA
CPR,SLC
CPT,DCA
CPT,IAD
CRP,DAL
CRP,DAY
CRP,DCA
CRP,DEN
CRP,DFW
CRP,DTW
CRP,ELP
CRP,EWN
CRP,FAT
CRP,FAY
CRP,GPT
CRP,HNL
CRP,HOU
CRP,HSV
CRP,IAD
CRP,IAH
CRP,JAN
CRP,JAX
CRP,LAS
CRP,LAX
CRP,LGA
CRP,LIT
CRP,LSE
CRP,MCI
CRP,MCO
CRP,MDT
CRP,MEM
CRP,MOB
CRP,MSN
CRP,MSY
CRP,OKA
CRP,OKC
CRP,ORD
CRP,ORF
CRP,PHF
CRP,PHL
CRP,PHX
CRP,PNS
CRP,PVD
CRP,RIC
CRP,RNO
CRP,SAN
CRP,SAV
CRP,SDF
CRP,SEA
CRP,SFO
CRP,SLC
CRP,STL
CRP,TPA
CRP,TUS
CRP,TYO
CRW,DAL
CRW,DCA
CRW,DEN
CRW,DFW
CRW,ELP
CRW,EWR
CRW,GEG
CRW,GPT
CRW,GRK
CRW,HNL
CRW,IAH
CRW,JAN
CRW,JAX
CRW,LAS
CRW,LAX
CRW,LGA
CRW,LIT
CRW,MCI
CRW,MCO
CRW,MDT
CRW,MSN
CRW,MSP
CRW,MSY
CRW,OKC
CRW,OMA
CRW,ORD
CRW,ORF
CRW,PDX
CRW,PHL
CRW,PHX
CRW,RIC
CRW,RNO
CRW,SAN
CRW,SAT
CRW,SAV
CRW,SEA
CRW,SFO
CRW,SJU
CRW,SLC
CRW,SMF
CRW,STL
CRW,SYR
CRW,TPA
CRW,TUL
CSG,DAL
CSG,DCA
CSG,DEN
CSG,DFW
CSG,DTW
CSG,ELP
CSG,EVV
CSG,EWR
CSG,FAI
CSG,FAY
CSG,GEG
CSG,GPT
CSG,HNL
CSG,HSV
CSG,IAD
CSG,IND
CSG,LAS
CSG,LAX
CSG,LGA
CSG,MCI
CSG,MCO
CSG,MDT
CSG,MSP
CSG,NUE
CSG,OAJ
CSG,OKC
CSG,ORD
CSG,ORF
CSG,PHF
CSG,PHL
CSG,PHX
CSG,PIT
CSG,PSP
CSG,RDU
CSG,RIC
CSG,SAN
CSG,SAT
CSG,SAV
CSG,SDF
CSG,SEA
CSG,SEL
CSG,SFO
CSG,SJU
CSG,SLC
CSG,STL
CSG,SYR
CSG,TPA
CTA,DAL
CTA,DCA
CTA,DFW
CTA,DTW
CTA,EWR
CTA,IAD
CTA,JAX
CTA,JFK
CTA,LAX
CTA,LGA
CTA,NYC
CTA,OAJ
CTA,ORF
CTA,PHL
CTA,SAN
CTA,SEA
CTG,DCA
CTG,FLL
CTG,IAD
CTU,DCA
CTU,IAD
CTU,SFO
CUN,DCA
CUN,IAD
CUR,DCA
CUR,IAD
CUR,MIA
CUR,ORF
CUR,TUS
CVG,DAL
CVG,DCA
CVG,DEN
CVG,DFW
CVG,DSM
CVG,DTW
CVG,ELP
CVG,EWR
CVG,FAT
CVG,FAY
CVG,FLL
CVG,FRA
CVG,GEG
CVG,GPT
CVG,GUM
CVG,HNL
CVG,HSV
CVG,IAD
CVG,IAH
CVG,IDA
CVG,JAN
CVG,JAX
CVG,JFK
CVG,LAS
CVG,LAX
CVG,LGA
CVG,LIT
CVG,LSE
CVG,MCI
CVG,MCO
CVG,MDW
CVG,MEM
CVG,MHT
CVG,MIA
CVG,MKE
CVG,MSN
CVG,MSP
CVG,MSY
CVG,OKC
CVG,OMA
CVG,ONT
CVG,ORD
CVG,ORF
CVG,PDX
CVG,PHL
CVG,PHX
CVG,PIT
CVG,PNS
CVG,PSC
CVG,PVD
CVG,RDU
CVG,RIC
CVG,RIX
CVG,SAN
CVG,SAT
CVG,SAV
CVG,SEA
CVG,SEL
CVG,SFO
CVG,SJC
CVG,SJU
CVG,SLC
CVG,SMF
CVG,SNA
CVG,STL
CVG,TPA
CVG,TUL
CVG,TUS
CVG,TVC
CVG,TYO
CVG,VPS
CWA,DCA
CWA,OKC
CWA,ORD
CWA,SDF
DAB,DCA
DAB,JFK
DAB,ORF
DAB,SAT
DAL,BQH
DAL,DCA
DAL,DEN
DAL,DHN
DAL,DOH
DAL,DRO
DAL,DSM
DAL,DTW
DAL,DXB
DAL,ECP
DAL,ELP
DAL,EWN
DAL,EWR
DAL,EYW
DAL,FAI
DAL,FAR
DAL,FAT
DAL,FAY
DAL,FLL
DAL,FRA
DAL,FSD
DAL,FSM
DAL,FUK
DAL,FWA
DAL,GCK
DAL,GEG
DAL,GFK
DAL,GJT
DAL,GPT
DAL,GRB
DAL,GRK
DAL,GRR
DAL,GSO
DAL,GSP
DAL,GTF
DAL,GUA
DAL,GUM
DAL,HAV
DAL,HKG
DAL,HLN
DAL,HNL
DAL,HOU
DAL,HRL
DAL,HSV
DAL,IAD
DAL,IAH
DAL,ICT
DAL,IND
DAL,JAN
DAL,JAX
DAL,JFK
DAL,KWI
DAL,LAS
DAL,LAW
DAL,LAX
DAL,LBB
DAL,LCH
DAL,LEX
DAL,LFT
DAL,LGA
DAL,LGB
DAL,LGW
DAL,LHR
DAL,LIM
DAL,LIT
DAL,LON
DAL,LRD
DAL,LSE
DAL,LTN
DAL,MAF
DAL,MCI
DAL,MCO
DAL,MDT
DAL,MDW
DAL,MEI
DAL,MEM
DAL,MEX
DAL,MFE
DAL,MGM
DAL,MHK
DAL,MHT
DAL,MIA
DAL,MKE
DAL,MLI
DAL,MLU
DAL,MNL
DAL,MOB
DAL,MOT
DAL,MRY
DAL,MSN
DAL,MSO
DAL,MSP
DAL,MSY
DAL,MTY
DAL,MUC
DAL,NAP
DAL,NUE
DAL,OAJ
DAL,OAK
DAL,OKA
DAL,OKC
DAL,OMA
DAL,ONT
DAL,ORD
DAL,ORF
DAL,PAR
DAL,PBI
DAL,PDX
DAL,PHF
DAL,PHL
DAL,PHX
DAL,PIA
DAL,PIB
DAL,PIT
DAL,PNS
DAL,PSC
DAL,PSP
DAL,PTY
DAL,PUS
DAL,PVD
DAL,PWM
DAL,RAP
DAL,RDU
DAL,RIC
DAL,RNO
DAL,ROA
DAL,ROC
DAL,SAL
DAL,SAN
DAL,SAT
DAL,SAV
DAL,SBA
DAL,SBP
DAL,SCL
DAL,SDF
DAL,SEA
DAL,SEL
DAL,SEN
DAL,SFO
DAL,SGF
DAL,SHV
DAL,SIN
DAL,SJC
DAL,SJO
DAL,SJT
DAL,SJU
DAL,SLC
DAL,SMF
DAL,SNA
DAL,SPI
DAL,SPS
DAL,STL
DAL,STN
DAL,STR
DAL,SYD
DAL,SYR
DAL,TLH
DAL,TPA
DAL,TUL
DAL,TUS
DAL,TXK
DAL,TYO
DAL,TYS
DAL,VCE
DAL,VLD
DAL,VPS
DAL,XNA
DAL,XRY
DAL,YKF
DAL,YTO
DAL,YTZ
DAL,YUL
DAL,YUM
DAL,YVR
DAL,YYZ
DAR,DCA
DAR,IAD
DAY,BQH
DAY,DAL
DAY,DCA
DAY,DEN
DAY,DFW
DAY,DHN
DAY,DSM
DAY,DTW
DAY,ECP
DAY,ELP
DAY,EWR
DAY,FAI
DAY,FAR
DAY,FAY
DAY,FRA
DAY,GEG
DAY,GFK
DAY,GPT
DAY,GRK
DAY,GSP
DAY,GTF
DAY,GUM
DAY,HNL
DAY,HOU
DAY,HSV
DAY,IAD
DAY,IAH
DAY,ICT
DAY,JAN
DAY,JAX
DAY,KWI
DAY,LAS
DAY,LAW
DAY,LAX
DAY,LBB
DAY,LGA
DAY,LGW
DAY,LHR
DAY,LIT
DAY,LON
DAY,LTN
DAY,MCI
DAY,MCO
DAY,MDT
DAY,MEM
DAY,MGM
DAY,MHT
DAY,MIA
DAY,MKE
DAY,MLB
DAY,MLI
DAY,MOT
DAY,MRY
DAY,MSN
DAY,MSP
DAY,MSY
DAY,MUC
DAY,OAJ
DAY,OKA
DAY,OKC
DAY,OMA
DAY,ONT
DAY,ORD
DAY,ORF
DAY,OSL
DAY,PAR
DAY,PBI
DAY,PDX
DAY,PHF
DAY,PHL
DAY,PHX
DAY,PIT
DAY,PNS
DAY,PVD
DAY,RAP
DAY,RDU
DAY,RIC
DAY,RNO
DAY,ROC
DAY,SAN
DAY,SAT
DAY,SAV
DAY,SBA
DAY,SEA
DAY,SEL
DAY,SEN
DAY,SFO
DAY,SHV
DAY,SIN
DAY,SJC
DAY,SJT
DAY,SJU
DAY,SLC
DAY,SMF
DAY,SNA
DAY,STL
DAY,STN
DAY,STR
DAY,SYD
DAY,SYR
DAY,TPA
DAY,TPE
DAY,TUL
DAY,TUS
DAY,TYO
DAY,VPS
DAY,YKF
DAY,YOW
DAY,YTO
DAY,YTZ
DAY,YUM
DAY,YYZ
DBQ,DCA
DBQ,SDF
DCA,BGY
DCA,BKA
DCA,BQH
DCA,CGK
DCA,DAL
DCA,DEL
DCA,DEN
DCA,DFW
DCA,DHN
DCA,DLA
DCA,DLH
DCA,DME
DCA,DOH
DCA,DRO
DCA,DRS
DCA,DSM
DCA,DTW
DCA,DUB
DCA,DUS
DCA,DXB
DCA,EAP
DCA,EAU
DCA,EBB
DCA,ECP
DCA,EDI
DCA,ELP
DCA,ERI
DCA,EUG
DCA,EVN
DCA,EVV
DCA,EWN
DCA,EYW
DCA,FAI
DCA,FAR
DCA,FAT
DCA,FAY
DCA,FCA
DCA,FIH
DCA,FLG
DCA,FLL
DCA,FLO
DCA,FLR
DCA,FNT
DCA,FRA
DCA,FSD
DCA,FSM
DCA,FUK
DCA,FWA
DCA,GCK
DCA,GDL
DCA,GDN
DCA,GEG
DCA,GFK
DCA,GJT
DCA,GLA
DCA,GND
DCA,GNV
DCA,GOA
DCA,GOT
DCA,GPT
DCA,GRB
DCA,GRK
DCA,GRR
DCA,GSO
DCA,GSP
DCA,GTF
DCA,GTR
DCA,GUA
DCA,GUM
DCA,GVA
DCA,GYE
DCA,HAJ
DCA,HAM
DCA,HAN
DCA,HAV
DCA,HEL
DCA,HHH
DCA,HKG
DCA,HLN
DCA,HLP
DCA,HNL
DCA,HOU
DCA,HPN
DCA,HRL
DCA,HSV
DCA,HYD
DCA,IAH
DCA,ICT
DCA,IDA
DCA,IEV
DCA,ILM
DCA,IND
DCA,ISB
DCA,ISN
DCA,ISP
DCA,IST
DCA,ITH
DCA,ITO
DCA,JAC
DCA,JAN
DCA,JAX
DCA,JFK
DCA,JKT
DCA,JNB
DCA,JNU
DCA,KGL
DCA,KIN
DCA,KOA
DCA,KRK
DCA,KUL
DCA,KWI
DCA,LAN
DCA,LAS
DCA,LAW
DCA,LAX
DCA,LBA
DCA,LBB
DCA,LBV
DCA,LCA
DCA,LCH
DCA,LEX
DCA,LFT
DCA,LFW
DCA,LGA
DCA,LGB
DCA,LGW
DCA,LHR
DCA,LIH
DCA,LIM
DCA,LIN
DCA,LIS
DCA,LIT
DCA,LNK
DCA,LON
DCA,LOS
DCA,LPB
DCA,LRD
DCA,LSE
DCA,LTN
DCA,LUX
DCA,LWS
DCA,LYS
DCA,MAA
DCA,MAD
DCA,MAF
DCA,MAN
DCA,MBJ
DCA,MBS
DCA,MCI
DCA,MCO
DCA,MDE
DCA,MDW
DCA,MEL
DCA,MEM
DCA,MEX
DCA,MFE
DCA,MFR
DCA,MGA
DCA,MGM
DCA,MHT
DCA,MIA
DCA,MID
DCA,MIL
DCA,MKE
DCA,MLA
DCA,MLB
DCA,MLI
DCA,MLU
DCA,MOB
DCA,MOT
DCA,MOW
DCA,MRS
DCA,MRY
DCA,MSN
DCA,MSO
DCA,MSP
DCA,MSY
DCA,MTY
DCA,MUC
DCA,MVD
DCA,MVY
DCA,MXP
DCA,MYR
DCA,NAP
DCA,NAS
DCA,NBO
DCA,NCE
DCA,NGO
DCA,NIM
DCA,NUE
DCA,OAJ
DCA,OAK
DCA,OGG
DCA,OKA
DCA,OKC
DCA,OMA
DCA,ONT
DCA,ORD
DCA,ORF
DCA,OSA
DCA,OSL
DCA,PAH
DCA,PAP
DCA,PAR
DCA,PBI
DCA,PDX
DCA,PEK
DCA,PHL
DCA,PHX
DCA,PIA
DCA,PIH
DCA,PIT
DCA,PMF
DCA,PNH
DCA,PNS
DCA,POS
DCA,PRG
DCA,PSA
DCA,PSC
DCA,PSP
DCA,PTY
DCA,PUJ
DCA,PUS
DCA,PUW
DCA,PVD
DCA,PWM
DCA,QRO
DCA,RAP
DCA,RBA
DCA,RDM
DCA,RDU
DCA,REK
DCA,RIO
DCA,RIX
DCA,RNO
DCA,ROC
DCA,ROM
DCA,ROW
DCA,RST
DCA,RSW
DCA,SAF
DCA,SAL
DCA,SAN
DCA,SAO
DCA,SAP
DCA,SAT
DCA,SAV
DCA,SBA
DCA,SBN
DCA,SBP
DCA,SCE
DCA,SCL
DCA,SDF
DCA,SDQ
DCA,SEA
DCA,SEL
DCA,SEN
DCA,SFO
DCA,SGF
DCA,SGN
DCA,SGU
DCA,SHA
DCA,SHV
DCA,SIN
DCA,SJC
DCA,SJJ
DCA,SJO
DCA,SJT
DCA,SJU
DCA,SKP
DCA,SLC
DCA,SLU
DCA,SMF
DCA,SNA
DCA,SNN
DCA,SOF
DCA,SPI
DCA,SPN
DCA,SPS
DCA,SRQ
DCA,SRZ
DCA,STL
DCA,STN
DCA,STO
DCA,STR
DCA,STT
DCA,STX
DCA,SUN
DCA,SUX
DCA,SVG
DCA,SVO
DCA,SWF
DCA,SXM
DCA,SYD
DCA,SYR
DCA,TAE
DCA,TGU
DCA,TIA
DCA,TLH
DCA,TLL
DCA,TLS
DCA,TLV
DCA,TNR
DCA,TOL
DCA,TPA
DCA,TPE
DCA,TRD
DCA,TRI
DCA,TRN
DCA,TSE
DCA,TUL
DCA,TUN
DCA,TUS
DCA,TVC
DCA,TXK
DCA,TYO
DCA,TYR
DCA,TYS
DCA,UIO
DCA,VCE
DCA,VIE
DCA,VKO
DCA,VLD
DCA,VPS
DCA,VRN
DCA,WAW
DCA,XNA
DCA,XRY
DCA,YAO
DCA,YEG
DCA,YHZ
DCA,YKF
DCA,YOW
DCA,YQB
DCA,YTO
DCA,YTZ
DCA,YUL
DCA,YUM
DCA,YVR
DCA,YWG
DCA,YYC
DCA,YYJ
DCA,YYZ
DCA,ZAG
DCA,ZRH
DEL,EWR
DEL,IAD
DEL,JFK
DEL,LGA
DEL,NYC
DEL,SEA
DEL,SFO
DEN,BQH
DEN,DAL
DEN,DFW
DEN,DHN
DEN,DIK
DEN,DLH
DEN,DRO
DEN,DSM
DEN,DTW
DEN,DXB
DEN,ECP
DEN,ELP
DEN,EUG
DEN,EWN
DEN,EWR
DEN,FAI
DEN,FAR
DEN,FAT
DEN,FAY
DEN,FCA
DEN,FLG
DEN,FLL
DEN,FRA
DEN,FSD
DEN,FWA
DEN,GCC
DEN,GEG
DEN,GFK
DEN,GJT
DEN,GNV
DEN,GPT
DEN,GRB
DEN,GRK
DEN,GRR
DEN,GSO
DEN,GSP
DEN,GTF
DEN,GUM
DEN,GVA
DEN,HAV
DEN,HLN
DEN,HNL
DEN,HOU
DEN,HRL
DEN,HSV
DEN,IAD
DEN,IAH
DEN,ICT
DEN,IDA
DEN,ILM
DEN,IND
DEN,ISN
DEN,ISP
DEN,ITO
DEN,JAC
DEN,JAN
DEN,JAX
DEN,JFK
DEN,JMS
DEN,JNB
DEN,JNU
DEN,KWI
DEN,LAN
DEN,LAS
DEN,LAW
DEN,LAX
DEN,LBB
DEN,LEX
DEN,LFT
DEN,LGA
DEN,LGB
DEN,LGW
DEN,LHR
DEN,LIM
DEN,LIT
DEN,LON
DEN,LSE
DEN,LTN
DEN,LWS
DEN,MAD
DEN,MAF
DEN,MAN
DEN,MCI
DEN,MCO
DEN,MDT
DEN,MDW
DEN,MEM
DEN,MEX
DEN,MFE
DEN,MFR
DEN,MGM
DEN,MHT
DEN,MIA
DEN,MKE
DEN,MLI
DEN,MOB
DEN,MOT
DEN,MRY
DEN,MSN
DEN,MSO
DEN,MSP
DEN,MSY
DEN,MTJ
DEN,MUC
DEN,MYR
DEN,NAP
DEN,OAJ
DEN,OAK
DEN,OGG
DEN,OKA
DEN,OKC
DEN,OMA
DEN,ONT
DEN,ORD
DEN,ORF
DEN,OSA
DEN,PAR
DEN,PBI
DEN,PDX
DEN,PEK
DEN,PHF
DEN,PHL
DEN,PHX
DEN,PIA
DEN,PIT
DEN,PNS
DEN,PSC
DEN,PSP
DEN,PTY
DEN,PVD
DEN,PWM
DEN,RDM
DEN,RDU
DEN,RIC
DEN,RIX
DEN,RNO
DEN,ROA
DEN,ROC
DEN,ROM
DEN,RSW
DEN,SAF
DEN,SAN
DEN,SAO
DEN,SAT
DEN,SAV
DEN,SBA
DEN,SBP
DEN,SBZ
DEN,SCE
DEN,SDF
DEN,SEA
DEN,SEL
DEN,SEN
DEN,SFO
DEN,SGF
DEN,SGU
DEN,SHA
DEN,SHV
DEN,SIN
DEN,SJC
DEN,SJT
DEN,SJU
DEN,SLC
DEN,SMF
DEN,SNA
DEN,SPI
DEN,SPS
DEN,STL
DEN,STN
DEN,STR
DEN,SYD
DEN,SYR
DEN,TLH
DEN,TLV
DEN,TPA
DEN,TUL
DEN,TUS
DEN,TVC
DEN,TXK
DEN,TYO
DEN,TYS
DEN,VCE
DEN,VIE
DEN,VPS
DEN,WAW
DEN,XNA
DEN,YEG
DEN,YKF
DEN,YKM
DEN,YOW
DEN,YTO
DEN,YTZ
DEN,YUM
DEN,YWG
DEN,YYZ
DEN,ZRH
DFW,BQH
DFW,DHN
DFW,DOH
DFW,DRO
DFW,DSM
DFW,DTW
DFW,DXB
DFW,ECP
DFW,ELP
DFW,EWN
DFW,EWR
DFW,EYW
DFW,FAI
DFW,FAR
DFW,FAT
DFW,FAY
DFW,FLL
DFW,FRA
DFW,FSD
DFW,FSM
DFW,FUK
DFW,FWA
DFW,GCK
DFW,GEG
DFW,GFK
DFW,GJT
DFW,GPT
DFW,GRB
DFW,GRK
DFW,GRR
DFW,GSO
DFW,GSP
DFW,GTF
DFW,GUA
DFW,GUM
DFW,HAV
DFW,HKG
DFW,HLN
DFW,HNL
DFW,HOU
DFW,HRL
DFW,HSV
DFW,IAD
DFW,IAH
DFW,ICT
DFW,IND
DFW,JAN
DFW,JAX
DFW,JFK
DFW,KWI
DFW,LAS
DFW,LAW
DFW,LAX
DFW,LBB
DFW,LCH
DFW,LEX
DFW,LFT
DFW,LGA
DFW,LGB
DFW,LGW
DFW,LHR
DFW,LIM
DFW,LIT
DFW,LON
DFW,LRD
DFW,LSE
DFW,LTN
DFW,MAF
DFW,MCI
DFW,MCO
DFW,MDT
DFW,MEI
DFW,MEM
DFW,MEX
DFW,MFE
DFW,MGM
DFW,MHK
DFW,MHT
DFW,MIA
DFW,MKE
DFW,MLI
DFW,MLU
DFW,MNL
DFW,MOB
DFW,MOT
DFW,MRY
DFW,MSN
DFW,MSO
DFW,MSP
DFW,MSY
DFW,MTY
DFW,MUC
DFW,NAP
DFW,NUE
DFW,OAJ
DFW,OAK
DFW,OKA
DFW,OKC
DFW,OMA
DFW,ONT
DFW,ORD
DFW,ORF
DFW,PAR
DFW,PBI
DFW,PDX
DFW,PHF
DFW,PHL
DFW,PHX
DFW,PIA
DFW,PIB
DFW,PIT
DFW,PNS
DFW,PSC
DFW,PSP
DFW,PTY
DFW,PUS
DFW,PVD
DFW,PWM
DFW,RAP
DFW,RDU
DFW,RIC
DFW,RNO
DFW,ROA
DFW,ROC
DFW,SAL
DFW,SAN
DFW,SAT
DFW,SAV
DFW,SBA
DFW,SBP
DFW,SCL
DFW,SDF
DFW,SEA
DFW,SEL
DFW,SEN
DFW,SFO
DFW,SGF
DFW,SHV
DFW,SIN
DFW,SJC
DFW,SJO
DFW,SJT
DFW,SJU
DFW,SLC
DFW,SMF
DFW,SNA
DFW,SPI
DFW,SPS
DFW,STL
DFW,STN
DFW,STR
DFW,SYD
DFW,SYR
DFW,TLH
DFW,TPA
DFW,TUL
DFW,TUS
DFW,TXK
DFW,TYO
DFW,TYS
DFW,VCE
DFW,VLD
DFW,VPS
DFW,XNA
DFW,XRY
DFW,YKF
DFW,YTO
DFW,YTZ
DFW,YUL
DFW,YUM
DFW,YVR
DFW,YYZ
DHN,DTW
DHN,EWR
DHN,FAI
DHN,FAY
DHN,FRA
DHN,GEG
DHN,GRK
DHN,HLN
DHN,HNL
DHN,IAD
DHN,IND
DHN,LAS
DHN,LAX
DHN,LGA
DHN,MCI
DHN,MCO
DHN,MDT
DHN,OKC
DHN,ORF
DHN,PHF
DHN,PHL
DHN,PHX
DHN,RDU
DHN,RIC
DHN,SAN
DHN,SAT
DHN,SDF
DHN,SEA
DHN,SEL
DHN,SFO
DHN,SJU
DHN,SLC
DHN,STL
DHN,TUS
DHN,TYO
DIK,IAD
DKR,EWR
DKR,JFK
DKR,LGA
DKR,NYC
DKR,PIT
DKR,SAV
DLA,IAD
DLH,DTW
DLH,IAD
DLH,LAS
DLH,MSP
DLH,OKC
DLH,ORD
DLH,ORF
DLH,SAT
DLH,SEA
DLH,SLC
DLH,STL
DME,EWR
DME,JFK
DME,LGA
DME,NYC
DMK,BOS
DMK,BWI
DMK,CHI
DMK,CHS
DMK,DAL
DMK,DCA
DMK,DEN
DMK,DFW
DMK,DTW
DMK,EWR
DMK,IAD
DMK,JFK
DMK,LAX
DMK,LGA
DMK,MDW
DMK,MIA
DMK,NYC
DMK,ORD
DMK,ORF
DMK,SAN
DMK,SAT
DMK,SDF
DMK,SFO
DMK,SLC
DMK,VPS
DOH,ELP
DOH,EWR
DOH,FAY
DOH,GRK
DOH,HOU
DOH,HSV
DOH,IAD
DOH,IAH
DOH,JFK
DOH,LAS
DOH,LGA
DOH,MIA
DOH,NYC
DOH,OAJ
DOH,OKC
DOH,ORF
DOH,PHL
DOH,RDU
DOH,SAN
DOH,SAT
DOH,SDF
DOH,SEA
DOH,STL
DOH,TPA
DOH,VPS
DRO,IAD
DRO,PHX
DRS,IAD
DSM,DTW
DSM,ELP
DSM,EWR
DSM,FAI
DSM,FAY
DSM,FRA
DSM,GPT
DSM,GRK
DSM,HNL
DSM,HSV
DSM,IAD
DSM,IAH
DSM,IND
DSM,JAN
DSM,JAX
DSM,LAS
DSM,LAX
DSM,LGA
DSM,MCO
DSM,MDT
DSM,MGM
DSM,MSP
DSM,MSY
DSM,OKC
DSM,ONT
DSM,ORD
DSM,ORF
DSM,PDX
DSM,PHL
DSM,PHX
DSM,PIT
DSM,PVD
DSM,RAP
DSM,RDU
DSM,RIC
DSM,RNO
DSM,SAN
DSM,SAT
DSM,SAV
DSM,SDF
DSM,SEA
DSM,SFO
DSM,SJC
DSM,SJU
DSM,SLC
DSM,SMF
DSM,SNA
DSM,STL
DSM,SYR
DSM,TPA
DSM,TUS
DSM,TYS
DTW,BQH
DTW,DXB
DTW,ECP
DTW,ELP
DTW,EVV
DTW,EWR
DTW,FAI
DTW,FAR
DTW,FAY
DTW,FLL
DTW,FRA
DTW,FSD
DTW,GEG
DTW,GFK
DTW,GPT
DTW,GRB
DTW,GRK
DTW,GSO
DTW,HNL
DTW,HOU
DTW,HSV
DTW,IAD
DTW,IAH
DTW,ICT
DTW,IDA
DTW,IND
DTW,JAN
DTW,JAX
DTW,JFK
DTW,KWI
DTW,LAS
DTW,LAW
DTW,LAX
DTW,LEX
DTW,LGA
DTW,LGW
DTW,LHR
DTW,LIT
DTW,LON
DTW,LSE
DTW,LTN
DTW,MCI
DTW,MCO
DTW,MDT
DTW,MDW
DTW,MEM
DTW,MFE
DTW,MGM
DTW,MHK
DTW,MHT
DTW,MIA
DTW,MKE
DTW,MLI
DTW,MNL
DTW,MOB
DTW,MQT
DTW,MSN
DTW,MSP
DTW,MSY
DTW,MUC
DTW,NAP
DTW,NUE
DTW,OAJ
DTW,OAK
DTW,OKA
DTW,OKC
DTW,OMA
DTW,ONT
DTW,ORD
DTW,ORF
DTW,PAR
DTW,PBI
DTW,PDX
DTW,PHF
DTW,PHL
DTW,PHX
DTW,PIA
DTW,PIT
DTW,PNS
DTW,PSP
DTW,PVD
DTW,PWM
DTW,RDU
DTW,RIC
DTW,RNO
DTW,ROA
DTW,ROC
DTW,ROM
DTW,SAN
DTW,SAT
DTW,SAV
DTW,SDF
DTW,SEA
DTW,SEL
DTW,SEN
DTW,SFO
DTW,SGF
DTW,SHV
DTW,SIN
DTW,SJC
DTW,SJU
DTW,SLC
DTW,SMF
DTW,SNA
DTW,STL
DTW,STN
DTW,STR
DTW,SWF
DTW,SYR
DTW,TAE
DTW,TLL
DTW,TLV
DTW,TPA
DTW,TPE
DTW,TUL
DTW,TUS
DTW,TXK
DTW,TYO
DTW,TYS
DTW,VCE
DTW,VPS
DTW,YOW
DTW,YUL
DTW,YUM
DUB,EWR
DUB,IAD
DUB,JFK
DUB,LAX
DUB,LGA
DUB,NYC
DUB,RDU
DUS,IAD
DUT,SEA
DXB,ELP
DXB,EWR
DXB,FAY
DXB,FLL
DXB,HOU
DXB,HSV
DXB,IAD
DXB,IAH
DXB,IND
DXB,JFK
DXB,LAX
DXB,LGA
DXB,MCO
DXB,NYC
DXB,ORF
DXB,RDU
DXB,SAN
DXB,SEA
DXB,STL
DXB,TPA
EAP,IAD
EAT,PDX
EAT,PHX
EAT,SEA
EAU,ORD
EAU,STL
EBB,IAD
ECP,BQH
ECP,ELP
ECP,EWR
ECP,FAI
ECP,FAT
ECP,FAY
ECP,FRA
ECP,GEG
ECP,GTF
ECP,GUA
ECP,HNL
ECP,HOU
ECP,HSV
ECP,IAH
ECP,IND
ECP,LAS
ECP,LAX
ECP,LGW
ECP,LHR
ECP,LON
ECP,LTN
ECP,MCI
ECP,MDT
ECP,MEX
ECP,MIA
ECP,MKE
ECP,MOT
ECP,MSN
ECP,MSP
ECP,OAJ
ECP,OAK
ECP,OKC
ECP,OMA
ECP,ORD
ECP,ORF
ECP,PDX
ECP,PHL
ECP,PHX
ECP,PVD
ECP,RAP
ECP,RDU
ECP,RIC
ECP,SAN
ECP,SAT
ECP,SBA
ECP,SEA
ECP,SEL
ECP,SEN
ECP,SFO
ECP,SJU
ECP,SLC
ECP,STL
ECP,STN
ECP,SYR
ECP,TUL
ECP,TUS
ECP,TYO
EDI,EWR
EDI,IAD
EDI,JFK
EDI,LGA
EDI,NYC
EDI,RDU
EKO,PHX
EKO,SLC
ELM,ORD
ELP,BQH
ELP,EWR
ELP,EYW
ELP,FAR
ELP,FAT
ELP,FAY
ELP,FLL
ELP,FSD
ELP,FSM
ELP,FWA
ELP,GEG
ELP,GPT
ELP,GRK
ELP,GRR
ELP,GSP
ELP,GTF
ELP,GUM
ELP,HNL
ELP,HOU
ELP,HRL
ELP,HSV
ELP,IAD
ELP,IAH
ELP,ICT
ELP,IND
ELP,JAN
ELP,JAX
ELP,JFK
ELP,KWI
ELP,LAS
ELP,LAW
ELP,LAX
ELP,LEX
ELP,LGA
ELP,LGB
ELP,LGW
ELP,LHR
ELP,LIH
ELP,LIT
ELP,LON
ELP,LSE
ELP,LTN
ELP,MCI
ELP,MCO
ELP,MDT
ELP,MEM
ELP,MEX
ELP,MFE
ELP,MGM
ELP,MHK
ELP,MHT
ELP,MIA
ELP,MKE
ELP,MLI
ELP,MOB
ELP,MRY
ELP,MSN
ELP,MSP
ELP,MSY
ELP,MUC
ELP,NUE
ELP,OAK
ELP,OKA
ELP,OKC
ELP,OMA
ELP,ONT
ELP,ORD
ELP,ORF
ELP,PBI
ELP,PDX
ELP,PHF
ELP,PHL
ELP,PHX
ELP,PIT
ELP,PNS
ELP,PVD
ELP,RAP
ELP,RDU
ELP,RIC
ELP,RNO
ELP,ROA
ELP,SAN
ELP,SAO
ELP,SAT
ELP,SAV
ELP,SBA
ELP,SBP
ELP,SDF
ELP,SEA
ELP,SEL
ELP,SEN
ELP,SFO
ELP,SGF
ELP,SHV
ELP,SJC
ELP,SJU
ELP,SLC
ELP,SMF
ELP,SNA
ELP,SPI
ELP,SPS
ELP,STL
ELP,STN
ELP,STR
ELP,SYR
ELP,TLH
ELP,TLV
ELP,TPA
ELP,TUL
ELP,TUS
ELP,TXK
ELP,TYO
ELP,TYS
ELP,VCE
ELP,VLD
ELP,VPS
ELP,XNA
ELP,YKF
ELP,YTO
ELP,YTZ
ELP,YUM
ELP,YYZ
ERI,ORD
ERI,ORF
EUG,GEG
EUG,GPT
EUG,HNL
EUG,IAD
EUG,LAX
EUG,LIT
EUG,OAK
EUG,OKC
EUG,PDX
EUG,PHX
EUG,RIC
EUG,SAN
EUG,SAT
EUG,SDF
EUG,SEA
EUG,SFO
EUG,SLC
EUG,SMF
EUG,STL
EVN,IAD
EVV,FLL
EVV,GSO
EVV,HNL
EVV,JAX
EVV,MCO
EVV,MGM
EVV,MOB
EVV,OKC
EVV,ORD
EVV,ORF
EVV,PHL
EVV,RDU
EVV,RIC
EVV,TPA
EWN,EWR
EWN,HNL
EWN,IND
EWN,JAX
EWN,LAS
EWN,LAX
EWN,LIT
EWN,MCO
EWN,MIA
EWN,MSY
EWN,OKC
EWN,ONT
EWN,ORD
EWN,PHX
EWN,PNS
EWN,PVD
EWN,SAN
EWN,SAT
EWN,SAV
EWN,SDF
EWN,SEA
EWN,SFO
EWN,SLC
EWN,STL
EWN,TPA
EWN,TUS
EWN,TYO
EWN,VPS
EWN,YUM
EWR,EYW
EWR,FAI
EWR,FAT
EWR,FAY
EWR,FLL
EWR,GEG
EWR,GJT
EWR,GPT
EWR,GRK
EWR,GRR
EWR,GSO
EWR,HNL
EWR,HOU
EWR,HSV
EWR,IAD
EWR,IAH
EWR,ICT
EWR,IND
EWR,JAN
EWR,JAX
EWR,LAS
EWR,LAW
EWR,LAX
EWR,LEX
EWR,LIT
EWR,LSE
EWR,MCI
EWR,MCO
EWR,MDW
EWR,MEM
EWR,MGM
EWR,MHT
EWR,MIA
EWR,MKE
EWR,MLI
EWR,MOB
EWR,MRY
EWR,MSN
EWR,MSP
EWR,MSY
EWR,OAJ
EWR,OKA
EWR,OKC
EWR,OMA
EWR,ONT
EWR,ORD
EWR,ORF
EWR,OSL
EWR,PAP
EWR,PAR
EWR,PBI
EWR,PDX
EWR,PEK
EWR,PHX
EWR,PNS
EWR,POS
EWR,PRG
EWR,PSP
EWR,PTY
EWR,PUS
EWR,PVD
EWR,RAP
EWR,RBA
EWR,RDU
EWR,REK
EWR,RIO
EWR,RIX
EWR,RNO
EWR,ROA
EWR,ROC
EWR,ROM
EWR,RSW
EWR,SAL
EWR,SAN
EWR,SAO
EWR,SAP
EWR,SAT
EWR,SAV
EWR,SBA
EWR,SCL
EWR,SDF
EWR,SDQ
EWR,SEA
EWR,SEL
EWR,SFO
EWR,SGF
EWR,SHA
EWR,SHV
EWR,SIN
EWR,SJC
EWR,SJJ
EWR,SJO
EWR,SJU
EWR,SLC
EWR,SMF
EWR,SNA
EWR,SOF
EWR,STL
EWR,STO
EWR,STR
EWR,STT
EWR,STX
EWR,SYD
EWR,SYR
EWR,TGU
EWR,TIA
EWR,TLH
EWR,TLL
EWR,TLV
EWR,TNR
EWR,TPA
EWR,TPE
EWR,TRI
EWR,TUL
EWR,TUS
EWR,TYO
EWR,TYS
EWR,VCE
EWR,VIE
EWR,VPS
EWR,WAW
EWR,XRY
EWR,YHZ
EWR,YKF
EWR,YOW
EWR,YQB
EWR,YTO
EWR,YTZ
EWR,YUL
EWR,YUM
EWR,YVR
EWR,YYZ
EWR,ZRH
EYW,FAT
EYW,HNL
EYW,IAD
EYW,IAH
EYW,JAX
EYW,LAX
EYW,MCO
EYW,MIA
EYW,MSY
EYW,OKC
EYW,ORF
EYW,PHF
EYW,PHL
EYW,PNS
EYW,PTY
EYW,PVD
EYW,RDU
EYW,RNO
EYW,SAN
EYW,SAT
EYW,SAV
EYW,SEA
EYW,SFO
EYW,SJU
EYW,TPA
EYW,TUS
EZE,BWI
EZE,DCA
EZE,EWR
EZE,HOU
EZE,IAD
EZE,IAH
EZE,JFK
EZE,LGA
EZE,MIA
EZE,NYC
EZE,ORF
FAI,FAT
FAI,FAY
FAI,GEG
FAI,GPT
FAI,HNL
FAI,HSV
FAI,IAD
FAI,IAH
FAI,IND
FAI,JAX
FAI,JNU
FAI,LAS
FAI,LAX
FAI,LIT
FAI,MCI
FAI,MCO
FAI,MGM
FAI,MSO
FAI,MSP
FAI,OAK
FAI,OKC
FAI,OMA
FAI,OME
FAI,ONT
FAI,ORD
FAI,ORF
FAI,OTZ
FAI,PDX
FAI,PHF
FAI,PHL
FAI,PHX
FAI,RDU
FAI,RIC
FAI,SAN
FAI,SAT
FAI,SAV
FAI,SCC
FAI,SDF
FAI,SEA
FAI,SFO
FAI,SIT
FAI,SJC
FAI,SJU
FAI,SLC
FAI,SMF
FAI,STL
FAI,TPA
FAI,TUS
FAI,VPS
FAR,IAD
FAR,JAX
FAR,LAS
FAR,LAX
FAR,LIT
FAR,MCI
FAR,MSP
FAR,OKC
FAR,ORD
FAR,ORF
FAR,PDX
FAR,PHL
FAR,PHX
FAR,RIC
FAR,SAN
FAR,SAT
FAR,SDF
FAR,SEA
FAR,SLC
FAR,SMF
FAR,STL
FAR,TUS
FAT,GEG
FAT,GRK
FAT,GTF
FAT,GUM
FAT,HNL
FAT,HSV
FAT,IAD
FAT,IAH
FAT,IND
FAT,JAX
FAT,JFK
FAT,LAS
FAT,LAX
FAT,LIT
FAT,MCI
FAT,MCO
FAT,MDT
FAT,MEM
FAT,MIA
FAT,MSO
FAT,MSP
FAT,MSY
FAT,OKA
FAT,OKC
FAT,OMA
FAT,ORD
FAT,ORF
FAT,PDX
FAT,PHL
FAT,PHX
FAT,PNS
FAT,PVD
FAT,RDU
FAT,RIC
FAT,SAN
FAT,SAT
FAT,SDF
FAT,SEA
FAT,SEL
FAT,SFO
FAT,SGF
FAT,SLC
FAT,STL
FAT,TPA
FAT,TUS
FAT,TYO
FAT,TYS
FAT,VPS
FAY,BQH
FAY,FLL
FAY,FRA
FAY,GEG
FAY,GPT
FAY,GRK
FAY,GTF
FAY,HLN
FAY,HNL
FAY,HOU
FAY,HSV
FAY,IAD
FAY,IAH
FAY,IDA
FAY,IND
FAY,IST
FAY,JAN
FAY,JAX
FAY,JFK
FAY,KWI
FAY,LAS
FAY,LAW
FAY,LAX
FAY,LBB
FAY,LEX
FAY,LGA
FAY,LGW
FAY,LHR
FAY,LIM
FAY,LIT
FAY,LON
FAY,LSE
FAY,LTN
FAY,MCI
FAY,MCO
FAY,MDT
FAY,MDW
FAY,MEM
FAY,MGM
FAY,MHK
FAY,MIA
FAY,MKE
FAY,MLI
FAY,MOB
FAY,MRY
FAY,MSN
FAY,MSP
FAY,MSY
FAY,MUC
FAY,NUE
FAY,OAK
FAY,OKC
FAY,OMA
FAY,ORD
FAY,PAR
FAY,PBI
FAY,PDX
FAY,PHL
FAY,PHX
FAY,PIT
FAY,PNS
FAY,PTY
FAY,PVD
FAY,RNO
FAY,ROC
FAY,SAN
FAY,SAT
FAY,SAV
FAY,SBP
FAY,SDF
FAY,SEA
FAY,SEL
FAY,SEN
FAY,SFO
FAY,SGF
FAY,SHV
FAY,SIN
FAY,SJC
FAY,SJT
FAY,SJU
FAY,SLC
FAY,SMF
FAY,SNA
FAY,STL
FAY,STN
FAY,STR
FAY,SYR
FAY,TGU
FAY,TLH
FAY,TLV
FAY,TPA
FAY,TUL
FAY,TUS
FAY,TYO
FAY,VCE
FAY,VIE
FAY,VPS
FAY,WAW
FAY,YOW
FAY,YUM
FCA,IAD
FCA,LAS
FCA,PDX
FCA,SEA
FCA,SLC
FIH,IAD
FLG,PDX
FLG,PHX
FLG,SEA
FLG,SLC
FLG,SMF
FLL,GEG
FLL,GPT
FLL,GRK
FLL,HAV
FLL,HNL
FLL,HOU
FLL,HSV
FLL,IAD
FLL,IAH
FLL,IND
FLL,ISP
FLL,JAN
FLL,JAX
FLL,JFK
FLL,KIN
FLL,LAS
FLL,LAX
FLL,LEX
FLL,LGA
FLL,LGB
FLL,LIT
FLL,MBJ
FLL,MCI
FLL,MCO
FLL,MDT
FLL,MDW
FLL,MEM
FLL,MGM
FLL,MOB
FLL,MSP
FLL,MSY
FLL,NAS
FLL,OAJ
FLL,OKA
FLL,OKC
FLL,ONT
FLL,ORD
FLL,ORF
FLL,PAP
FLL,PDX
FLL,PHF
FLL,PHL
FLL,PHX
FLL,PIT
FLL,PNS
FLL,PVD
FLL,RDU
FLL,RIC
FLL,SAN
FLL,SAT
FLL,SDF
FLL,SDQ
FLL,SEA
FLL,SFO
FLL,SJO
FLL,SJU
FLL,SLC
FLL,STL
FLL,SWF
FLL,TLH
FLL,TPA
FLL,TUS
FLL,TYO
FLL,VPS
FLO,STL
FLR,IAD
FNT,GPT
FNT,MCO
FNT,MSP
FNT,OKC
FNT,ORD
FNT,ORF
FNT,RIC
FNT,SAT
FNT,STL
FPO,MIA
FRA,EWR
FRA,GPT
FRA,GRB
FRA,GRK
FRA,HOU
FRA,HSV
FRA,IAD
FRA,IAH
FRA,ILM
FRA,IND
FRA,JAN
FRA,JAX
FRA,JFK
FRA,LAS
FRA,LAW
FRA,LAX
FRA,LGA
FRA,LIT
FRA,MCI
FRA,MCO
FRA,MDT
FRA,MGM
FRA,MIA
FRA,MLI
FRA,MRY
FRA,MSP
FRA,MSY
FRA,NYC
FRA,OAJ
FRA,OKC
FRA,OMA
FRA,ONT
FRA,ORF
FRA,PDX
FRA,PHF
FRA,PHL
FRA,PHX
FRA,PIT
FRA,PNS
FRA,RDU
FRA,RIC
FRA,SAN
FRA,SAT
FRA,SAV
FRA,SDF
FRA,SEA
FRA,SFO
FRA,SHV
FRA,SJU
FRA,SLC
FRA,SMF
FRA,STL
FRA,SYR
FRA,TPA
FRA,TUS
FRA,VPS
FSD,GRK
FSD,HNL
FSD,IAD
FSD,IND
FSD,LAS
FSD,LAX
FSD,LIT
FSD,MSP
FSD,MSY
FSD,OKC
FSD,ONT
FSD,ORD
FSD,ORF
FSD,PDX
FSD,PHL
FSD,PHX
FSD,RIC
FSD,SAN
FSD,SAT
FSD,SDF
FSD,SEA
FSD,SFO
FSD,SLC
FSD,SMF
FSD,STL
FSD,TYS
FSM,IAD
FSM,IAH
FSM,LAS
FSM,OAJ
FSM,ONT
FSM,ORF
FSM,PHL
FSM,PHX
FSM,RDU
FSM,RIC
FSM,SAN
FSM,SAT
FSM,SLC
FUK,EWR
FUK,GUM
FUK,HNL
FUK,HOU
FUK,IAD
FUK,IAH
FUK,JFK
FUK,LAX
FUK,LGA
FUK,MCO
FUK,MEM
FUK,MSY
FUK,NYC
FUK,ORF
FUK,PHL
FUK,PNS
FUK,PVD
FUK,RIC
FUK,SAN
FUK,SAT
FUK,SFO
FWA,LAX
FWA,MSP
FWA,OKC
FWA,ORD
FWA,ORF
FWA,PHL
FWA,RIC
FWA,SAT
FWA,STL
FWA,TUS
GCM,MIA
GDL,IAD
GDL,LAX
GDN,EWR
GDN,HSV
GDN,IAD
GDN,JFK
GDN,LGA
GDN,NYC
GDN,ORF
GEG,BQH
GEG,GPT
GEG,GTR
GEG,HNL
GEG,HSV
GEG,IAD
GEG,IAH
GEG,ICT
GEG,IND
GEG,JAN
GEG,JAX
GEG,LAS
GEG,LAX
GEG,LGA
GEG,LGB
GEG,LGW
GEG,LHR
GEG,LIT
GEG,LON
GEG,LTN
GEG,MCI
GEG,MCO
GEG,MDT
GEG,MEM
GEG,MFR
GEG,MGM
GEG,MKE
GEG,MSP
GEG,MSY
GEG,OAJ
GEG,OAK
GEG,OKC
GEG,OMA
GEG,ONT
GEG,ORD
GEG,ORF
GEG,PDX
GEG,PHL
GEG,PHX
GEG,PIT
GEG,PNS
GEG,PVD
GEG,RAP
GEG,RDM
GEG,RDU
GEG,RIC
GEG,RNO
GEG,SAN
GEG,SAT
GEG,SAV
GEG,SDF
GEG,SEA
GEG,SEL
GEG,SEN
GEG,SFO
GEG,SHV
GEG,SJC
GEG,SJT
GEG,SLC
GEG,SMF
GEG,SNA
GEG,SPS
GEG,STL
GEG,STN
GEG,TPA
GEG,TUS
GEG,TYO
GEG,VPS
GFK,GPT
GFK,IAD
GFK,JAX
GFK,LAS
GFK,LAX
GFK,MCI
GFK,MCO
GFK,MSP
GFK,OKC
GFK,ORF
GFK,PHL
GFK,RIC
GFK,SAN
GFK,SAT
GFK,SDF
GFK,SLC
GFK,SMF
GFK,STL
GFK,TYO
GJT,IAD
GJT,OKC
GJT,PDX
GJT,PHX
GJT,SEA
GJT,SLC
GJT,SMF
GLA,EWR
GLA,HSV
GLA,IAD
GLA,JAX
GLA,JFK
GLA,LGA
GLA,MCO
GLA,NYC
GLA,PHL
GLA,PVD
GLA,SEA
GND,IAD
GND,MIA
GND,ORF
GNV,HNL
GNV,IAD
GNV,IND
GNV,MIA
GNV,MSY
GNV,RDU
GNV,SAN
GNV,SAT
GNV,SDF
GOA,IAD
GOT,IAD
GPT,BQH
GPT,GRK
GPT,GSP
GPT,GUM
GPT,HSV
GPT,IAD
GPT,IAH
GPT,ICT
GPT,ILM
GPT,IND
GPT,JAX
GPT,JFK
GPT,LAS
GPT,LAX
GPT,LBB
GPT,LEX
GPT,LGA
GPT,LGW
GPT,LHR
GPT,LON
GPT,LSE
GPT,LTN
GPT,MAD
GPT,MCI
GPT,MCO
GPT,MDT
GPT,MHT
GPT,MIA
GPT,MKE
GPT,MLI
GPT,MOT
GPT,MRY
GPT,MSN
GPT,MSP
GPT,OAJ
GPT,OKA
GPT,OKC
GPT,OMA
GPT,ONT
GPT,ORD
GPT,ORF
GPT,PBI
GPT,PDX
GPT,PHF
GPT,PHL
GPT,PHX
GPT,PIT
GPT,PUS
GPT,PVD
GPT,PWM
GPT,RDU
GPT,RIC
GPT,RNO
GPT,ROC
GPT,SAN
GPT,SAT
GPT,SAV
GPT,SBA
GPT,SDF
GPT,SEA
GPT,SEL
GPT,SEN
GPT,SFO
GPT,SGF
GPT,SHV
GPT,SJC
GPT,SJT
GPT,SJU
GPT,SLC
GPT,SMF
GPT,SNA
GPT,SPS
GPT,STL
GPT,STN
GPT,SYR
GPT,TPA
GPT,TUL
GPT,TUS
GPT,TYO
GPT,TYS
GRB,GRR
GRB,HNL
GRB,IAD
GRB,JAX
GRB,LAX
GRB,MCI
GRB,MCO
GRB,MSP
GRB,MSY
GRB,OKC
GRB,ORD
GRB,ORF
GRB,PDX
GRB,PHL
GRB,PWM
GRB,RIC
GRB,SAN
GRB,SDF
GRB,SEA
GRB,STL
GRB,SWF
GRK,BQH
GRK,GSP
GRK,HNL
GRK,HSV
GRK,IAD
GRK,IAH
GRK,ICT
GRK,IND
GRK,JAN
GRK,JAX
GRK,JFK
GRK,LAS
GRK,LAW
GRK,LAX
GRK,LEX
GRK,LGA
GRK,LGW
GRK,LHR
GRK,LIT
GRK,LON
GRK,LSE
GRK,LTN
GRK,MCI
GRK,MCO
GRK,MDT
GRK,MEM
GRK,MGM
GRK,MHK
GRK,MIA
GRK,MKE
GRK,MRY
GRK,MSN
GRK,MSP
GRK,MSY
GRK,MUC
GRK,OAK
GRK,OKC
GRK,OMA
GRK,ONT
GRK,ORD
GRK,ORF
GRK,PDX
GRK,PHF
GRK,PHL
GRK,PHX
GRK,PIT
GRK,PNS
GRK,RDU
GRK,RIC
GRK,RNO
GRK,SAN
GRK,SAV
GRK,SBP
GRK,SDF
GRK,SEA
GRK,SEL
GRK,SEN
GRK,SFO
GRK,SGF
GRK,SJC
GRK,SJU
GRK,SLC
GRK,SMF
GRK,SNA
GRK,STL
GRK,STN
GRK,STR
GRK,SYR
GRK,TGU
GRK,TLH
GRK,TPA
GRK,TUL
GRK,TUS
GRK,VCE
GRK,VLD
GRK,VPS
GRK,YUM
GRR,HNL
GRR,HSV
GRR,IAD
GRR,JAX
GRR,LAS
GRR,LAX
GRR,LGA
GRR,MCI
GRR,MCO
GRR,MDW
GRR,MSP
GRR,MSY
GRR,OKC
GRR,OMA
GRR,ORD
GRR,ORF
GRR,PHL
GRR,PHX
GRR,RAP
GRR,RIC
GRR,SAN
GRR,SAT
GRR,SAV
GRR,SDF
GRR,SEA
GRR,SFO
GRR,SLC
GRR,STL
GSO,HNL
GSO,IAD
GSO,IND
GSO,JAX
GSO,LAS
GSO,LAX
GSO,LGA
GSO,LIT
GSO,MCI
GSO,MCO
GSO,MEM
GSO,MIA
GSO,MSY
GSO,OKC
GSO,ONT
GSO,ORD
GSO,PHL
GSO,PVD
GSO,SAN
GSO,SAT
GSO,SDF
GSO,SEA
GSO,SFO
GSO,SNA
GSO,STL
GSO,VPS
GSP,HNL
GSP,IAD
GSP,JAX
GSP,LAX
GSP,LGA
GSP,LSE
GSP,MAD
GSP,MCI
GSP,MCO
GSP,MDT
GSP,MSY
GSP,OKC
GSP,ONT
GSP,ORD
GSP,ORF
GSP,PHL
GSP,PHX
GSP,RIC
GSP,SAN
GSP,SAT
GSP,SDF
GSP,SEA
GSP,SLC
GSP,STL
GSP,TPA
GSP,TYO
GSP,VPS
GTF,IAD
GTF,LAS
GTF,LAX
GTF,LIT
GTF,MCI
GTF,MCO
GTF,MGM
GTF,MSP
GTF,OKC
GTF,OMA
GTF,ORF
GTF,PDX
GTF,PHL
GTF,PHX
GTF,RIC
GTF,SAN
GTF,SAT
GTF,SEA
GTF,SLC
GTF,SMF
GTF,STL
GTF,TUS
GTR,MSP
GTR,ORF
GTR,PHL
GTR,SAT
GTR,SEA
GUA,EWR
GUA,HOU
GUA,IAD
GUA,IAH
GUA,JAX
GUA,JFK
GUA,LAX
GUA,LGA
GUA,LIT
GUA,MEM
GUA,MHT
GUA,MIA
GUA,MSY
GUA,NYC
GUA,ORF
GUA,PHL
GUA,PHX
GUA,SAT
GUA,SDF
GUA,SFO
GUA,SJU
GUA,TPA
GUA,TUS
GUA,VPS
GUM,EWR
GUM,HKG
GUM,HNL
GUM,HOU
GUM,HSV
GUM,IAD
GUM,IAH
GUM,ICT
GUM,IND
GUM,JAX
GUM,JFK
GUM,LAS
GUM,LAX
GUM,LGA
GUM,LIT
GUM,MCI
GUM,MCO
GUM,MDT
GUM,MEM
GUM,MNL
GUM,MSP
GUM,MSY
GUM,NGO
GUM,NYC
GUM,OKC
GUM,OMA
GUM,ONT
GUM,ORF
GUM,OSA
GUM,PDX
GUM,PHL
GUM,PHX
GUM,PIT
GUM,PNI
GUM,PNS
GUM,PVD
GUM,RDU
GUM,RIC
GUM,RNO
GUM,ROP
GUM,ROR
GUM,SAN
GUM,SAT
GUM,SAV
GUM,SDF
GUM,SEA
GUM,SEL
GUM,SFO
GUM,SHV
GUM,SJU
GUM,SLC
GUM,SPN
GUM,STL
GUM,TKK
GUM,TPA
GUM,TUL
GUM,TYO
GUM,VPS
GVA,EWR
GVA,IAD
GVA,JFK
GVA,LGA
GVA,NYC
GVA,TPA
GYE,IAD
GYE,MIA
HAJ,IAD
HAM,EWR
HAM,IAD
HAM,JFK
HAM,LGA
HAM,NYC
HAM,ORF
HAN,IAD
HAV,EWR
HAV,HOU
HAV,IAD
HAV,IAH
HAV,JFK
HAV,LAX
HAV,LGA
HAV,MCO
HAV,MIA
HAV,MSP
HAV,NYC
HAV,PHL
HAV,SEA
HAV,SFO
HAV,TPA
HEL,EWR
HEL,IAD
HEL,JFK
HEL,LAX
HEL,LGA
HEL,NYC
HEL,ORF
HKG,EWR
HKG,HNL
HKG,IAD
HKG,JFK
HKG,LAX
HKG,LGA
HKG,NYC
HKG,SAN
HKG,SFO
HLN,IAD
HLN,LAS
HLN,LIT
HLN,MCI
HLN,MSP
HLN,OKC
HLN,PDX
HLN,PHX
HLN,RDU
HLN,SAN
HLN,SDF
HLN,SEA
HLN,SJC
HLN,SLC
HLN,SMF
HLN,STL
HLN,TUS
HLP,SAN
HLP,SDF
HNL,BQH
HNL,HSV
HNL,IAD
HNL,IAH
HNL,ILM
HNL,IND
HNL,ITO
HNL,JAN
HNL,JAX
HNL,JFK
HNL,KOA
HNL,KWA
HNL,LAS
HNL,LAW
HNL,LAX
HNL,LBB
HNL,LFT
HNL,LGA
HNL,LGW
HNL,LHR
HNL,LIH
HNL,LIT
HNL,LNY
HNL,LON
HNL,LSE
HNL,LTN
HNL,MAJ
HNL,MCI
HNL,MCO
HNL,MDT
HNL,MEL
HNL,MEM
HNL,MFR
HNL,MGM
HNL,MHK
HNL,MHT
HNL,MIA
HNL,MKE
HNL,MKK
HNL,MLI
HNL,MNL
HNL,MOB
HNL,MRY
HNL,MSN
HNL,MSP
HNL,MSY
HNL,OAJ
HNL,OAK
HNL,OGG
HNL,OKA
HNL,OKC
HNL,OMA
HNL,ONT
HNL,ORD
HNL,ORF
HNL,OSA
HNL,PAR
HNL,PBI
HNL,PDX
HNL,PEK
HNL,PHF
HNL,PHL
HNL,PHX
HNL,PIT
HNL,PNH
HNL,PNS
HNL,PPG
HNL,PSP
HNL,PUS
HNL,PVD
HNL,PWM
HNL,RAP
HNL,RDU
HNL,RIC
HNL,RNO
HNL,ROC
HNL,ROR
HNL,RSW
HNL,SAN
HNL,SAT
HNL,SAV
HNL,SBA
HNL,SBP
HNL,SDF
HNL,SEA
HNL,SEL
HNL,SEN
HNL,SFO
HNL,SGF
HNL,SHA
HNL,SHV
HNL,SIN
HNL,SJC
HNL,SJT
HNL,SJU
HNL,SLC
HNL,SMF
HNL,SNA
HNL,SPN
HNL,SPS
HNL,STL
HNL,STN
HNL,STR
HNL,SYD
HNL,SYR
HNL,TAE
HNL,TLH
HNL,TPA
HNL,TPE
HNL,TRI
HNL,TUL
HNL,TUS
HNL,TYO
HNL,VPS
HNL,YUM
HNL,YVR
HOU,BQH
HOU,HRL
HOU,HSV
HOU,IAD
HOU,IND
HOU,IST
HOU,JAX
HOU,JFK
HOU,KWI
HOU,LAS
HOU,LAX
HOU,LGA
HOU,LGW
HOU,LHR
HOU,LIM
HOU,LIT
HOU,LON
HOU,LTN
HOU,MAF
HOU,MCI
HOU,MCO
HOU,MDW
HOU,MEM
HOU,MEX
HOU,MGA
HOU,MGM
HOU,MNL
HOU,MSY
HOU,MTY
HOU,MUC
HOU,NAP
HOU,OAJ
HOU,OAK
HOU,OKA
HOU,OKC
HOU,ONT
HOU,ORD
HOU,ORF
HOU,PAR
HOU,PDX
HOU,PEK
HOU,PHF
HOU,PHL
HOU,PHX
HOU,PIT
HOU,PNS
HOU,POS
HOU,PTY
HOU,PVD
HOU,RDU
HOU,RIC
HOU,ROM
HOU,SAL
HOU,SAN
HOU,SAO
HOU,SAP
HOU,SAT
HOU,SCL
HOU,SDF
HOU,SEA
HOU,SEL
HOU,SEN
HOU,SFO
HOU,SIN
HOU,SJC
HOU,SJO
HOU,SLC
HOU,SMF
HOU,SNA
HOU,STL
HOU,STN
HOU,STR
HOU,TGU
HOU,TPA
HOU,TUL
HOU,TUS
HOU,TYO
HOU,VIE
HOU,YUL
HPN,HSV
HPN,ORD
HPN,ORF
HPN,SAT
HPN,SDF
HPN,TPA
HRL,IAD
HRL,IAH
HRL,JAX
HRL,MSY
HRL,OKC
HSV,BQH
HSV,IAD
HSV,IAH
HSV,ICT
HSV,ILM
HSV,IND
HSV,JAX
HSV,JFK
HSV,KWI
HSV,LAS
HSV,LAW
HSV,LAX
HSV,LEX
HSV,LGA
HSV,LGW
HSV,LHR
HSV,LIH
HSV,LON
HSV,LSE
HSV,LTN
HSV,MCI
HSV,MCO
HSV,MDT
HSV,MHK
HSV,MHT
HSV,MIA
HSV,MKE
HSV,MLB
HSV,MLI
HSV,MRY
HSV,MSN
HSV,MSP
HSV,MSY
HSV,MUC
HSV,NUE
HSV,OKA
HSV,OKC
HSV,OMA
HSV,ONT
HSV,ORD
HSV,ORF
HSV,PAR
HSV,PBI
HSV,PDX
HSV,PHF
HSV,PHL
HSV,PHX
HSV,PIT
HSV,PRG
HSV,PVD
HSV,RAP
HSV,RDU
HSV,RIC
HSV,RNO
HSV,ROC
HSV,ROM
HSV,SAN
HSV,SAT
HSV,SAV
HSV,SBA
HSV,SBP
HSV,SEA
HSV,SEL
HSV,SEN
HSV,SFO
HSV,SGF
HSV,SHV
HSV,SJC
HSV,SJU
HSV,SLC
HSV,SMF
HSV,SNA
HSV,STL
HSV,STN
HSV,STR
HSV,SYR
HSV,TLV
HSV,TPA
HSV,TPE
HSV,TUL
HSV,TUS
HSV,TXK
HSV,TYO
HSV,VCE
HSV,VIE
HSV,VPS
HSV,WAW
HSV,YKF
HSV,YTO
HSV,YTZ
HSV,YUM
HSV,YYZ
HYD,IAD
IAD,BGY
IAD,BKA
IAD,BQH
IAD,CGK
IAD,DME
IAD,HLP
IAD,IAH
IAD,ICT
IAD,IDA
IAD,IEV
IAD,ILM
IAD,IND
IAD,ISB
IAD,IST
IAD,ITO
IAD,JAC
IAD,JAN
IAD,JAX
IAD,JFK
IAD,JKT
IAD,JNB
IAD,KGL
IAD,KIN
IAD,KOA
IAD,KRK
IAD,KUL
IAD,KWI
IAD,LAN
IAD,LAS
IAD,LAW
IAD,LAX
IAD,LBA
IAD,LBB
IAD,LBV
IAD,LCA
IAD,LEX
IAD,LFT
IAD,LFW
IAD,LGA
IAD,LGW
IAD,LHR
IAD,LIH
IAD,LIM
IAD,LIN
IAD,LIS
IAD,LIT
IAD,LNK
IAD,LON
IAD,LOS
IAD,LPB
IAD,LRD
IAD,LSE
IAD,LTN
IAD,LUX
IAD,LYS
IAD,MAA
IAD,MAD
IAD,MAF
IAD,MAN
IAD,MBJ
IAD,MCI
IAD,MCO
IAD,MDE
IAD,MDT
IAD,MDW
IAD,MEL
IAD,MEM
IAD,MEX
IAD,MFE
IAD,MFR
IAD,MGA
IAD,MGM
IAD,MHT
IAD,MIA
IAD,MID
IAD,MIL
IAD,MKE
IAD,MLA
IAD,MLB
IAD,MLI
IAD,MOB
IAD,MOT
IAD,MOW
IAD,MRS
IAD,MRY
IAD,MSN
IAD,MSO
IAD,MSP
IAD,MSY
IAD,MTY
IAD,MUC
IAD,MVD
IAD,MXP
IAD,NAP
IAD,NAS
IAD,NBO
IAD,NCE
IAD,NGO
IAD,NIM
IAD,NUE
IAD,OAJ
IAD,OAK
IAD,OGG
IAD,OKA
IAD,OKC
IAD,OMA
IAD,ONT
IAD,ORD
IAD,ORF
IAD,OSA
IAD,OSL
IAD,PAP
IAD,PAR
IAD,PBI
IAD,PDX
IAD,PEK
IAD,PHL
IAD,PHX
IAD,PIT
IAD,PMF
IAD,PNH
IAD,PNS
IAD,POS
IAD,PRG
IAD,PSA
IAD,PSC
IAD,PSP
IAD,PTY
IAD,PUJ
IAD,PUS
IAD,PVD
IAD,PWM
IAD,QRO
IAD,RAP
IAD,RBA
IAD,RDM
IAD,RDU
IAD,REK
IAD,RIC
IAD,RIO
IAD,RIX
IAD,RNO
IAD,ROA
IAD,ROC
IAD,ROM
IAD,ROW
IAD,RSW
IAD,SAF
IAD,SAL
IAD,SAN
IAD,SAO
IAD,SAP
IAD,SAT
IAD,SAV
IAD,SBP
IAD,SCL
IAD,SDF
IAD,SDQ
IAD,SEA
IAD,SEL
IAD,SEN
IAD,SFO
IAD,SGF
IAD,SGN
IAD,SHA
IAD,SHV
IAD,SIN
IAD,SJC
IAD,SJJ
IAD,SJO
IAD,SJT
IAD,SJU
IAD,SKP
IAD,SLC
IAD,SLU
IAD,SMF
IAD,SNA
IAD,SNN
IAD,SOF
IAD,SPN
IAD,SRZ
IAD,STL
IAD,STN
IAD,STO
IAD,STR
IAD,STT
IAD,SVG
IAD,SVO
IAD,SXM
IAD,SYD
IAD,SYR
IAD,TAE
IAD,TGU
IAD,TIA
IAD,TLH
IAD,TLL
IAD,TLS
IAD,TLV
IAD,TNR
IAD,TPA
IAD,TPE
IAD,TRD
IAD,TRN
IAD,TSE
IAD,TUL
IAD,TUN
IAD,TUS
IAD,TYO
IAD,TYS
IAD,UIO
IAD,VCE
IAD,VIE
IAD,VKO
IAD,VPS
IAD,VRN
IAD,WAW
IAD,XRY
IAD,YAO
IAD,YEG
IAD,YHZ
IAD,YKF
IAD,YOW
IAD,YQB
IAD,YTO
IAD,YTZ
IAD,YUL
IAD,YUM
IAD,YVR
IAD,YWG
IAD,YYC
IAD,YYJ
IAD,YYZ
IAD,ZAG
IAD,ZRH
IAH,BQH
IAH,HRL
IAH,HSV
IAH,IAD
IAH,ICT
IAH,IND
IAH,IST
IAH,JAN
IAH,JAX
IAH,JFK
IAH,KWI
IAH,LAS
IAH,LAW
IAH,LAX
IAH,LBB
IAH,LEX
IAH,LFT
IAH,LGA
IAH,LGW
IAH,LHR
IAH,LIM
IAH,LIT
IAH,LON
IAH,LRD
IAH,LSE
IAH,LTN
IAH,MAF
IAH,MCI
IAH,MCO
IAH,MDT
IAH,MDW
IAH,MEM
IAH,MEX
IAH,MFE
IAH,MGA
IAH,MGM
IAH,MHK
IAH,MHT
IAH,MIA
IAH,MKE
IAH,MLI
IAH,MLU
IAH,MNL
IAH,MOB
IAH,MRY
IAH,MSN
IAH,MSP
IAH,MSY
IAH,MTY
IAH,MUC
IAH,NAP
IAH,OAJ
IAH,OAK
IAH,OKA
IAH,OKC
IAH,OMA
IAH,ONT
IAH,ORD
IAH,ORF
IAH,PAR
IAH,PDX
IAH,PEK
IAH,PHF
IAH,PHL
IAH,PHX
IAH,PIT
IAH,PNS
IAH,POS
IAH,PTY
IAH,PVD
IAH,PWM
IAH,RAP
IAH,RDU
IAH,RIC
IAH,RNO
IAH,ROM
IAH,SAL
IAH,SAN
IAH,SAO
IAH,SAP
IAH,SAT
IAH,SAV
IAH,SBA
IAH,SCL
IAH,SDF
IAH,SEA
IAH,SEL
IAH,SEN
IAH,SFO
IAH,SGF
IAH,SHV
IAH,SIN
IAH,SJC
IAH,SJO
IAH,SJU
IAH,SLC
IAH,SMF
IAH,SNA
IAH,SPS
IAH,STL
IAH,STN
IAH,STR
IAH,SYR
IAH,TGU
IAH,TPA
IAH,TUL
IAH,TUS
IAH,TYO
IAH,TYS
IAH,VIE
IAH,VPS
IAH,XNA
IAH,YUL
IAH,YUM
ICT,IND
ICT,JAX
ICT,LAS
ICT,LAX
ICT,LGA
ICT,LSE
ICT,MCO
ICT,MDT
ICT,MGM
ICT,MKE
ICT,MSP
ICT,MSY
ICT,OKA
ICT,ONT
ICT,ORD
ICT,ORF
ICT,PDX
ICT,PHL
ICT,PHX
ICT,PIT
ICT,RIC
ICT,SAN
ICT,SAT
ICT,SAV
ICT,SDF
ICT,SEA
ICT,SFO
ICT,SJC
ICT,SLC
ICT,SMF
ICT,SNA
ICT,STL
ICT,TPA
ICT,TUS
ICT,TYO
ICT,TYS
ICT,VPS
IDA,LAS
IDA,ORD
IDA,ORF
IDA,PDX
IDA,PHX
IDA,PIT
IDA,PSC
IDA,SAT
IDA,SEA
IDA,SFO
IDA,SLC
IDA,TPA
IDA,TYS
IEV,EWR
IEV,JFK
IEV,LAX
IEV,LGA
IEV,MIA
IEV,NYC
IEV,SFO
IEV,SMF
ILM,JAX
ILM,LAS
ILM,LAX
ILM,LGA
ILM,MCO
ILM,MSY
ILM,OKC
ILM,ORD
ILM,PHL
ILM,PHX
ILM,PSP
ILM,PVD
ILM,SAN
ILM,SAT
ILM,SBY
ILM,SEA
ILM,SFO
ILM,SLC
ILM,STL
ILM,STR
ILM,TPA
ILM,VPS
IND,BQH
IND,JAN
IND,JAX
IND,JFK
IND,KWI
IND,LAS
IND,LAX
IND,LGA
IND,LGW
IND,LHR
IND,LIT
IND,LON
IND,LSE
IND,LTN
IND,MCI
IND,MCO
IND,MDT
IND,MDW
IND,MEM
IND,MFE
IND,MGM
IND,MHK
IND,MHT
IND,MIA
IND,MKE
IND,MLI
IND,MOB
IND,MRY
IND,MSN
IND,MSP
IND,MSY
IND,OAJ
IND,OAK
IND,OKA
IND,OKC
IND,OMA
IND,ONT
IND,ORD
IND,ORF
IND,PBI
IND,PDX
IND,PHF
IND,PHL
IND,PHX
IND,PIT
IND,PNS
IND,PVD
IND,PWM
IND,RAP
IND,RDU
IND,RIC
IND,RNO
IND,ROA
IND,ROC
IND,SAN
IND,SAT
IND,SAV
IND,SBA
IND,SEA
IND,SEL
IND,SEN
IND,SFO
IND,SHV
IND,SJC
IND,SJU
IND,SLC
IND,SMF
IND,SNA
IND,SRQ
IND,STN
IND,SYR
IND,TPA
IND,TUS
IND,TYO
IND,VIE
IND,VPS
ISN,MSP
ISP,MDW
ISP,OKC
ISP,ORF
ISP,STL
ISP,TPA
IST,EWR
IST,JFK
IST,LAX
IST,LGA
IST,NYC
IST,ORF
IST,PHL
IST,RDU
IST,SAN
ITO,LAS
ITO,LAX
ITO,LIH
ITO,OGG
ITO,PDX
ITO,PPG
ITO,SAN
ITO,SEA
ITO,SFO
ITO,SMF
JAC,PDX
JAN,BQH
JAN,JAX
JAN,LAS
JAN,LAX
JAN,LGA
JAN,LGW
JAN,LHR
JAN,LON
JAN,LSE
JAN,LTN
JAN,MCI
JAN,MCO
JAN,MDT
JAN,MDW
JAN,MHT
JAN,MIA
JAN,MKE
JAN,MLI
JAN,MSP
JAN,OKA
JAN,OKC
JAN,OMA
JAN,ONT
JAN,ORD
JAN,ORF
JAN,PBI
JAN,PDX
JAN,PHF
JAN,PHL
JAN,PHX
JAN,PIT
JAN,PVD
JAN,RDU
JAN,RIC
JAN,RNO
JAN,SAN
JAN,SAT
JAN,SAV
JAN,SDF
JAN,SEA
JAN,SEL
JAN,SEN
JAN,SFO
JAN,SJC
JAN,SJU
JAN,SLC
JAN,SMF
JAN,SNA
JAN,STL
JAN,STN
JAN,TPA
JAN,TUS
JAX,BQH
JAX,JFK
JAX,KWI
JAX,LAS
JAX,LAX
JAX,LBB
JAX,LEX
JAX,LGA
JAX,LGW
JAX,LHR
JAX,LIM
JAX,LIT
JAX,LON
JAX,LRD
JAX,LSE
JAX,LTN
JAX,MAD
JAX,MAF
JAX,MCI
JAX,MDT
JAX,MDW
JAX,MEM
JAX,MFE
JAX,MGM
JAX,MHT
JAX,MIA
JAX,MKE
JAX,MLI
JAX,MOB
JAX,MRY
JAX,MSN
JAX,MSO
JAX,MSP
JAX,MSY
JAX,NAP
JAX,OAJ
JAX,OAK
JAX,OMA
JAX,ONT
JAX,ORD
JAX,ORF
JAX,PDX
JAX,PHF
JAX,PHL
JAX,PHX
JAX,PIA
JAX,PIT
JAX,PNS
JAX,PSP
JAX,PTY
JAX,PVD
JAX,PWM
JAX,RAP
JAX,RDU
JAX,RIC
JAX,RIO
JAX,RNO
JAX,ROC
JAX,ROW
JAX,SAL
JAX,SAN
JAX,SAT
JAX,SBA
JAX,SCL
JAX,SDF
JAX,SEA
JAX,SEL
JAX,SEN
JAX,SFO
JAX,SGF
JAX,SHV
JAX,SJC
JAX,SJU
JAX,SLC
JAX,SMF
JAX,SNA
JAX,SPS
JAX,STL
JAX,STN
JAX,STT
JAX,SYR
JAX,TGU
JAX,TPA
JAX,TRD
JAX,TUL
JAX,TUS
JAX,TYO
JAX,TYS
JAX,XRY
JAX,YHZ
JAX,YKF
JAX,YTO
JAX,YTZ
JAX,YUM
JAX,YYZ
JFK,LAS
JFK,LAX
JFK,LGB
JFK,LSE
JFK,MCI
JFK,MCO
JFK,MEM
JFK,MIA
JFK,MRY
JFK,MSP
JFK,MSY
JFK,OAJ
JFK,OAK
JFK,OKA
JFK,OKC
JFK,ONT
JFK,ORD
JFK,ORF
JFK,OSL
JFK,PAP
JFK,PAR
JFK,PDX
JFK,PEK
JFK,PHL
JFK,PHX
JFK,PIT
JFK,PNS
JFK,POS
JFK,PRG
JFK,PTY
JFK,PUS
JFK,PWM
JFK,RBA
JFK,RDU
JFK,REK
JFK,RIC
JFK,RIO
JFK,RIX
JFK,RNO
JFK,ROC
JFK,ROM
JFK,SAL
JFK,SAN
JFK,SAO
JFK,SAP
JFK,SAT
JFK,SAV
JFK,SCL
JFK,SDF
JFK,SDQ
JFK,SEA
JFK,SEL
JFK,SFO
JFK,SHA
JFK,SIN
JFK,SJC
JFK,SJJ
JFK,SJO
JFK,SJU
JFK,SLC
JFK,SMF
JFK,SNA
JFK,SOF
JFK,STL
JFK,STO
JFK,STR
JFK,STT
JFK,STX
JFK,SYD
JFK,SYR
JFK,TGU
JFK,TIA
JFK,TLL
JFK,TLV
JFK,TNR
JFK,TPA
JFK,TPE
JFK,TUS
JFK,TYO
JFK,VCE
JFK,VIE
JFK,VPS
JFK,WAW
JFK,XRY
JFK,YHZ
JFK,YKF
JFK,YOW
JFK,YQB
JFK,YTO
JFK,YTZ
JFK,YUL
JFK,YVR
JFK,YYZ
JFK,ZRH
JKT,SAN
JKT,SDF
JNB,EWR
JNB,JFK
JNB,LGA
JNB,NYC
JNB,SDF
JNU,KTN
JNU,OAK
JNU,OME
JNU,ORF
JNU,PDX
JNU,PSG
JNU,SAN
JNU,SEA
JNU,SFO
JNU,SIT
JNU,WRG
JNU,YAK
JNU,YVR
KIN,EWR
KIN,JFK
KIN,LEX
KIN,LGA
KIN,MIA
KIN,NYC
KIN,ORF
KIN,SAT
KOA,LAX
KOA,LIH
KOA,OGG
KOA,SAN
KOA,SEA
KOA,SFO
KTN,PDX
KTN,PSG
KTN,SAN
KTN,SEA
KTN,SIT
KTN,WRG
KUL,EWR
KUL,JFK
KUL,LGA
KUL,NYC
KWI,EWR
KWI,JFK
KWI,LAX
KWI,LGA
KWI,MCI
KWI,MCO
KWI,MLI
KWI,NYC
KWI,OAJ
KWI,ORF
KWI,PHL
KWI,RDU
KWI,RIC
KWI,SAN
KWI,SAV
KWI,SEA
KWI,STL
KWI,TPA
KWI,TUS
KWI,VPS
LAN,LIT
LAN,MDT
LAN,MSP
LAN,OKC
LAN,ORD
LAN,RIC
LAN,SAN
LAN,SAT
LAN,SDF
LAN,SEA
LAN,STL
LAS,BQH
LAS,LAW
LAS,LAX
LAS,LBB
LAS,LEX
LAS,LGA
LAS,LGB
LAS,LGW
LAS,LHR
LAS,LIT
LAS,LON
LAS,LSE
LAS,LTN
LAS,MCI
LAS,MCO
LAS,MDT
LAS,MDW
LAS,MEI
LAS,MEM
LAS,MEX
LAS,MFR
LAS,MGM
LAS,MHT
LAS,MIA
LAS,MKE
LAS,MLI
LAS,MOB
LAS,MOT
LAS,MRY
LAS,MSN
LAS,MSO
LAS,MSP
LAS,MSY
LAS,OAJ
LAS,OAK
LAS,OKA
LAS,OKC
LAS,OMA
LAS,ONT
LAS,ORD
LAS,ORF
LAS,PDX
LAS,PHF
LAS,PHL
LAS,PHX
LAS,PIA
LAS,PIT
LAS,PNS
LAS,PSC
LAS,PVD
LAS,RAP
LAS,RDU
LAS,RIC
LAS,RNO
LAS,SAN
LAS,SAT
LAS,SAV
LAS,SDF
LAS,SDQ
LAS,SEA
LAS,SEL
LAS,SEN
LAS,SFO
LAS,SGF
LAS,SHV
LAS,SJC
LAS,SJT
LAS,SJU
LAS,SLC
LAS,SMF
LAS,SNA
LAS,SPS
LAS,STL
LAS,STN
LAS,SYR
LAS,TPA
LAS,TUL
LAS,TUS
LAS,TYO
LAS,TYS
LAS,VLD
LAS,VPS
LAS,YUM
LAW,LAX
LAW,LGA
LAW,LIT
LAW,MCI
LAW,MCO
LAW,MDT
LAW,OAJ
LAW,OKA
LAW,ONT
LAW,ORD
LAW,ORF
LAW,PHF
LAW,PHL
LAW,PHX
LAW,RDU
LAW,SAN
LAW,SAT
LAW,SAV
LAW,SDF
LAW,SEA
LAW,SLC
LAW,SMF
LAW,STL
LAW,SYR
LAW,TPA
LAW,TUS
LAW,VPS
LAX,BKA
LAX,BQH
LAX,DME
LAX,LBB
LAX,LEX
LAX,LGA
LAX,LGW
LAX,LHR
LAX,LIH
LAX,LIM
LAX,LIT
LAX,LON
LAX,LSE
LAX,LTN
LAX,MAD
LAX,MCI
LAX,MCO
LAX,MDT
LAX,MDW
LAX,MEI
LAX,MEL
LAX,MEM
LAX,MEX
LAX,MFE
LAX,MFR
LAX,MGM
LAX,MHK
LAX,MHT
LAX,MIA
LAX,MKE
LAX,MLI
LAX,MOB
LAX,MOT
LAX,MOW
LAX,MRY
LAX,MSN
LAX,MSO
LAX,MSP
LAX,MSY
LAX,MUC
LAX,NAN
LAX,NAP
LAX,OAJ
LAX,OAK
LAX,OGG
LAX,OKA
LAX,OKC
LAX,OMA
LAX,ORD
LAX,ORF
LAX,OSA
LAX,OSL
LAX,PAR
LAX,PBI
LAX,PDX
LAX,PEK
LAX,PHF
LAX,PHL
LAX,PHX
LAX,PIT
LAX,PNS
LAX,PPG
LAX,PSC
LAX,PSP
LAX,PTY
LAX,PUS
LAX,PVD
LAX,PWM
LAX,RAP
LAX,RDU
LAX,RIC
LAX,RNO
LAX,ROC
LAX,ROM
LAX,RSW
LAX,SAL
LAX,SAN
LAX,SAO
LAX,SAT
LAX,SAV
LAX,SBA
LAX,SBP
LAX,SBY
LAX,SCL
LAX,SDF
LAX,SEA
LAX,SEL
LAX,SEN
LAX,SFO
LAX,SGF
LAX,SHA
LAX,SHV
LAX,SIN
LAX,SJC
LAX,SJT
LAX,SJU
LAX,SLC
LAX,SMF
LAX,SPS
LAX,STL
LAX,STN
LAX,STR
LAX,STS
LAX,SVO
LAX,SYD
LAX,SYR
LAX,TGU
LAX,TLH
LAX,TLV
LAX,TPA
LAX,TPE
LAX,TUL
LAX,TUS
LAX,TYO
LAX,TYS
LAX,VCE
LAX,VKO
LAX,VPS
LAX,XNA
LAX,XRY
LAX,YEG
LAX,YHZ
LAX,YKF
LAX,YTO
LAX,YTZ
LAX,YVR
LAX,YYZ
LAX,ZRH
LBB,BQH
LBB,LGW
LBB,LHR
LBB,LON
LBB,LTN
LBB,MEM
LBB,MGM
LBB,MSY
LBB,OAJ
LBB,OKA
LBB,ONT
LBB,ORD
LBB,ORF
LBB,PHL
LBB,PHX
LBB,PNS
LBB,RDU
LBB,RIC
LBB,SAN
LBB,SAT
LBB,SDF
LBB,SEA
LBB,SEN
LBB,SLC
LBB,SMF
LBB,STL
LBB,STN
LBB,TPA
LBB,VPS
LBB,YKF
LBB,YTO
LBB,YTZ
LBB,YYZ
LCH,MCO
LCH,PHL
LEX,LGA
LEX,LIT
LEX,MCI
LEX,MCO
LEX,MDT
LEX,MGM
LEX,MIA
LEX,MLI
LEX,MSP
LEX,MSY
LEX,OKC
LEX,ORD
LEX,ORF
LEX,PDX
LEX,PHL
LEX,PHX
LEX,PNS
LEX,RDU
LEX,RIC
LEX,SAN
LEX,SAT
LEX,SAV
LEX,SEA
LEX,SEL
LEX,SLC
LEX,SMF
LEX,STL
LEX,TPA
LEX,TUL
LEX,VPS
LFT,OKC
LFT,ORF
LFT,RIC
LFT,SAN
LFT,STL
LFW,EWR
LFW,JFK
LFW,LGA
LFW,NYC
LGA,LIT
LGA,LRD
LGA,LSE
LGA,MCI
LGA,MCO
LGA,MDW
LGA,MEM
LGA,MFE
LGA,MGM
LGA,MHK
LGA,MHT
LGA,MIA
LGA,MKE
LGA,MLI
LGA,MOB
LGA,MSN
LGA,MSP
LGA,MSY
LGA,OAJ
LGA,OKA
LGA,OKC
LGA,OMA
LGA,ONT
LGA,ORD
LGA,ORF
LGA,OSL
LGA,PAP
LGA,PAR
LGA,PBI
LGA,PDX
LGA,PEK
LGA,PHL
LGA,PHX
LGA,PIT
LGA,PNS
LGA,POS
LGA,PRG
LGA,PTY
LGA,PUS
LGA,PWM
LGA,RBA
LGA,RDU
LGA,REK
LGA,RIC
LGA,RIO
LGA,RIX
LGA,ROA
LGA,ROC
LGA,ROM
LGA,RSW
LGA,SAL
LGA,SAN
LGA,SAO
LGA,SAP
LGA,SAT
LGA,SAV
LGA,SCL
LGA,SDF
LGA,SDQ
LGA,SEA
LGA,SEL
LGA,SFO
LGA,SGF
LGA,SHA
LGA,SHV
LGA,SIN
LGA,SJJ
LGA,SJO
LGA,SLC
LGA,SMF
LGA,SNA
LGA,SOF
LGA,SPS
LGA,STL
LGA,STO
LGA,STR
LGA,SYD
LGA,SYR
LGA,TGU
LGA,TIA
LGA,TLL
LGA,TLV
LGA,TNR
LGA,TPA
LGA,TPE
LGA,TUL
LGA,TUS
LGA,TYO
LGA,TYS
LGA,VCE
LGA,VIE
LGA,VPS
LGA,WAW
LGA,XRY
LGA,YHZ
LGA,YKF
LGA,YOW
LGA,YQB
LGA,YTO
LGA,YTZ
LGA,YUL
LGA,YVR
LGA,YYZ
LGA,ZRH
LGB,OAK
LGB,ORF
LGB,PDX
LGB,PHL
LGB,PHX
LGB,SAT
LGB,SDF
LGB,SEA
LGB,SFO
LGB,SJC
LGB,SLC
LGB,SMF
LGB,STL
LGW,EWR
LGW,JFK
LGW,LGA
LGW,MCI
LGW,MCO
LGW,MGM
LGW,MIA
LGW,MSP
LGW,MSY
LGW,NYC
LGW,OAJ
LGW,OKC
LGW,OMA
LGW,ORF
LGW,PDX
LGW,PHL
LGW,PHX
LGW,PIT
LGW,PNS
LGW,PVD
LGW,RDU
LGW,RIC
LGW,SAN
LGW,SAT
LGW,SAV
LGW,SDF
LGW,SEA
LGW,SFO
LGW,SHV
LGW,SLC
LGW,SMF
LGW,STL
LGW,SYR
LGW,TPA
LGW,TUS
LGW,VLD
LGW,VPS
LHR,EWR
LHR,JFK
LHR,LGA
LHR,MCI
LHR,MCO
LHR,MGM
LHR,MIA
LHR,MSP
LHR,MSY
LHR,NYC
LHR,OAJ
LHR,OKC
LHR,OMA
LHR,ORF
LHR,PDX
LHR,PHL
LHR,PHX
LHR,PIT
LHR,PNS
LHR,PVD
LHR,RDU
LHR,RIC
LHR,SAN
LHR,SAT
LHR,SAV
LHR,SDF
LHR,SEA
LHR,SFO
LHR,SHV
LHR,SLC
LHR,SMF
LHR,STL
LHR,SYR
LHR,TPA
LHR,TUS
LHR,VLD
LHR,VPS
LIH,MCI
LIH,OGG
LIH,ORF
LIH,PDX
LIH,PHX
LIH,PIT
LIH,RIC
LIH,SAN
LIH,SEA
LIH,SFO
LIH,SMF
LIH,TUL
LIM,EWR
LIM,JFK
LIM,LGA
LIM,MCO
LIM,MIA
LIM,NYC
LIM,ORF
LIM,PIT
LIM,SAN
LIM,SAT
LIM,SDF
LIM,SFO
LIM,VPS
LIN,EWR
LIN,JFK
LIN,LGA
LIN,NYC
LIN,SLC
LIS,EWR
LIS,JFK
LIS,LGA
LIS,MEM
LIS,NYC
LIS,ORF
LIS,PHL
LIS,SDF
LIT,BQH
LIT,LGW
LIT,LHR
LIT,LON
LIT,LTN
LIT,MCO
LIT,MDT
LIT,MDW
LIT,MGM
LIT,MHT
LIT,MIA
LIT,MKE
LIT,MLI
LIT,MSN
LIT,MSO
LIT,MSP
LIT,MUC
LIT,OKA
LIT,OKC
LIT,OMA
LIT,ONT
LIT,ORD
LIT,ORF
LIT,PBI
LIT,PDX
LIT,PHF
LIT,PHL
LIT,PHX
LIT,PIT
LIT,PNS
LIT,PVD
LIT,PWM
LIT,RAP
LIT,RDU
LIT,RIC
LIT,RNO
LIT,ROC
LIT,SAN
LIT,SAT
LIT,SAV
LIT,SBP
LIT,SDF
LIT,SEA
LIT,SEL
LIT,SEN
LIT,SFO
LIT,SJC
LIT,SJU
LIT,SLC
LIT,SMF
LIT,SNA
LIT,SPS
LIT,STL
LIT,STN
LIT,STX
LIT,SYR
LIT,TPA
LIT,TUS
LIT,TYO
LIT,TYS
LIT,VPS
LNK,MSP
LNK,ORD
LNK,RIC
LNK,SDF
LON,EWR
LON,JFK
LON,LGA
LON,MCI
LON,MCO
LON,MGM
LON,MIA
LON,MSP
LON,MSY
LON,NYC
LON,OAJ
LON,OKC
LON,OMA
LON,ORF
LON,PDX
LON,PHL
LON,PHX
LON,PIT
LON,PNS
LON,PVD
LON,RDU
LON,RIC
LON,SAN
LON,SAT
LON,SAV
LON,SDF
LON,SEA
LON,SFO
LON,SHV
LON,SLC
LON,SMF
LON,STL
LON,SYR
LON,TPA
LON,TUS
LON,VLD
LON,VPS
LPB,MIA
LRD,OKC
LRD,ORD
LRD,PHL
LRD,SAN
LRD,SEA
LRD,TUS
LSE,MCI
LSE,MCO
LSE,MDT
LSE,MEM
LSE,MRY
LSE,MSP
LSE,MSY
LSE,OKC
LSE,OMA
LSE,ONT
LSE,ORD
LSE,ORF
LSE,PDX
LSE,PHL
LSE,PHX
LSE,PIT
LSE,PVD
LSE,RDU
LSE,RIC
LSE,SAN
LSE,SAT
LSE,SAV
LSE,SDF
LSE,SEA
LSE,SFO
LSE,SGF
LSE,SJC
LSE,SJU
LSE,SLC
LSE,SMF
LSE,SNA
LSE,STL
LSE,SYR
LSE,TOL
LSE,TPA
LSE,TUS
LTN,EWR
LTN,JFK
LTN,LGA
LTN,MCI
LTN,MCO
LTN,MGM
LTN,MIA
LTN,MSP
LTN,MSY
LTN,NYC
LTN,OAJ
LTN,OKC
LTN,OMA
LTN,ORF
LTN,PDX
LTN,PHL
LTN,PHX
LTN,PIT
LTN,PNS
LTN,PVD
LTN,RDU
LTN,RIC
LTN,SAN
LTN,SAT
LTN,SAV
LTN,SDF
LTN,SEA
LTN,SFO
LTN,SHV
LTN,SLC
LTN,SMF
LTN,STL
LTN,SYR
LTN,TPA
LTN,TUS
LTN,VLD
LTN,VPS
LWS,PDX
LWS,PHX
LWS,SEA
LWS,SLC
MAD,EWR
MAD,JFK
MAD,LGA
MAD,MIA
MAD,NYC
MAD,OAJ
MAD,ORF
MAD,PHL
MAD,RDU
MAD,RIC
MAD,SAN
MAD,SAT
MAD,SEA
MAD,SFO
MAD,SJU
MAD,TPA
MAF,MCO
MAF,OKC
MAF,PHX
MAF,SAN
MAN,EWR
MAN,JFK
MAN,LGA
MAN,NYC
MAN,RDU
MBJ,MIA
MBS,ORD
MCI,MCO
MCI,MDT
MCI,MDW
MCI,MGM
MCI,MHT
MCI,MIA
MCI,MKE
MCI,MOB
MCI,MOT
MCI,MRY
MCI,MSN
MCI,MSO
MCI,MSP
MCI,MSY
MCI,MUC
MCI,OAJ
MCI,OAK
MCI,OKA
MCI,ONT
MCI,ORD
MCI,ORF
MCI,PAR
MCI,PBI
MCI,PDX
MCI,PHF
MCI,PHL
MCI,PHX
MCI,PIT
MCI,PNS
MCI,PSC
MCI,PTY
MCI,PVD
MCI,PWM
MCI,RAP
MCI,RDU
MCI,RIC
MCI,RNO
MCI,ROC
MCI,RSW
MCI,SAN
MCI,SAT
MCI,SAV
MCI,SBP
MCI,SDF
MCI,SEA
MCI,SEL
MCI,SFO
MCI,SHV
MCI,SJC
MCI,SJU
MCI,SLC
MCI,SMF
MCI,SNA
MCI,SPS
MCI,STL
MCI,STR
MCI,SWF
MCI,SYR
MCI,TPA
MCI,TUS
MCI,TYO
MCI,TYS
MCI,VLD
MCI,VPS
MCO,MDT
MCO,MDW
MCO,MEM
MCO,MFE
MCO,MGM
MCO,MHK
MCO,MHT
MCO,MIA
MCO,MKE
MCO,MLI
MCO,MOB
MCO,MRY
MCO,MSN
MCO,MSP
MCO,MSY
MCO,MUC
MCO,NAS
MCO,OAJ
MCO,OAK
MCO,OKA
MCO,OKC
MCO,OMA
MCO,ONT
MCO,ORD
MCO,ORF
MCO,PAR
MCO,PDX
MCO,PHF
MCO,PHL
MCO,PHX
MCO,PIT
MCO,PNS
MCO,PSC
MCO,PSP
MCO,PTY
MCO,PVD
MCO,PWM
MCO,RAP
MCO,RDU
MCO,RIC
MCO,RNO
MCO,ROA
MCO,ROC
MCO,SAN
MCO,SAT
MCO,SBA
MCO,SBP
MCO,SDF
MCO,SEA
MCO,SEL
MCO,SFO
MCO,SGF
MCO,SHV
MCO,SJC
MCO,SJT
MCO,SJU
MCO,SLC
MCO,SMF
MCO,SNA
MCO,SPI
MCO,SPS
MCO,STL
MCO,STR
MCO,STT
MCO,STX
MCO,SWF
MCO,SYD
MCO,SYR
MCO,TGU
MCO,TLH
MCO,TRI
MCO,TUL
MCO,TUS
MCO,TYO
MCO,TYS
MCO,VCE
MCO,VIE
MCO,YEG
MCO,YUM
MCT,SAN
MDE,MIA
MDT,MEM
MDT,MGM
MDT,MHK
MDT,MIA
MDT,MKE
MDT,MLI
MDT,MRY
MDT,MSN
MDT,MSP
MDT,MSY
MDT,MUC
MDT,OAJ
MDT,OKC
MDT,OMA
MDT,ONT
MDT,ORD
MDT,ORF
MDT,PDX
MDT,PHL
MDT,PHX
MDT,PNS
MDT,PVD
MDT,PWM
MDT,RDU
MDT,RIC
MDT,SAN
MDT,SAT
MDT,SAV
MDT,SDF
MDT,SEA
MDT,SEL
MDT,SFO
MDT,SGF
MDT,SJC
MDT,SJU
MDT,SLC
MDT,SMF
MDT,STL
MDT,TLL
MDT,TPA
MDT,TUL
MDT,TUS
MDT,TYO
MDT,TYS
MDT,VPS
MDW,BQH
MDW,DOH
MDW,DXB
MDW,FRA
MDW,FUK
MDW,GUM
MDW,HAV
MDW,HKG
MDW,IST
MDW,KRK
MDW,KWI
MDW,LGW
MDW,LHR
MDW,LON
MDW,LTN
MDW,MAD
MDW,MEX
MDW,MHT
MDW,MSP
MDW,MSY
MDW,MUC
MDW,NAP
MDW,OAK
MDW,OKA
MDW,OKC
MDW,OMA
MDW,ORF
MDW,PAR
MDW,PDX
MDW,PEK
MDW,PHL
MDW,PHX
MDW,PIT
MDW,PNS
MDW,PTY
MDW,PVD
MDW,RDU
MDW,RIC
MDW,SAN
MDW,SAT
MDW,SDF
MDW,SEA
MDW,SEL
MDW,SEN
MDW,SFO
MDW,SIN
MDW,SJJ
MDW,SLC
MDW,SMF
MDW,STL
MDW,STN
MDW,STR
MDW,TGU
MDW,TPA
MDW,TYO
MDW,VIE
MDW,WAW
MDW,XRY
MDW,YEG
MDW,YKF
MDW,YOW
MDW,YTO
MDW,YTZ
MDW,YUL
MDW,YYZ
MEI,SAN
MEI,SAT
MEI,SEA
MEL,EWR
MEL,JFK
MEL,LGA
MEL,NYC
MEM,MHT
MEM,MIA
MEM,MKE
MEM,MLI
MEM,MRY
MEM,MSN
MEM,MSP
MEM,NAP
MEM,OAJ
MEM,OKA
MEM,OKC
MEM,OMA
MEM,ONT
MEM,ORD
MEM,ORF
MEM,PDX
MEM,PHF
MEM,PHL
MEM,PHX
MEM,PIT
MEM,PNS
MEM,PVD
MEM,RDU
MEM,RIC
MEM,RNO
MEM,SAN
MEM,SAT
MEM,SAV
MEM,SEA
MEM,SFO
MEM,SJC
MEM,SJU
MEM,SLC
MEM,SMF
MEM,SNA
MEM,SYR
MEM,TPA
MEM,TUS
MEM,TYO
MEM,TYS
MEX,EWR
MEX,JFK
MEX,LGA
MEX,MIA
MEX,MSY
MEX,NYC
MEX,ONT
MEX,ORF
MEX,PHL
MEX,PHX
MEX,SAN
MEX,SAT
MEX,SEA
MEX,SFO
MEX,SJU
MEX,SLC
MEX,TPA
MEX,TUS
MEX,VPS
MFE,MIA
MFE,MOB
MFE,MSY
MFE,OKC
MFE,ORD
MFE,PHL
MFE,PHX
MFE,RDU
MFE,RIC
MFE,ROW
MFE,SAN
MFE,SDF
MFE,SEA
MFE,SJU
MFE,SNA
MFE,STL
MFE,TUS
MFR,PDX
MFR,PHX
MFR,SAN
MFR,SAT
MFR,SEA
MFR,SFO
MFR,SLC
MFR,TUS
MGA,MIA
MGA,SAT
MGM,MIA
MGM,MOT
MGM,MSP
MGM,OKC
MGM,OMA
MGM,ONT
MGM,ORD
MGM,ORF
MGM,PDX
MGM,PHF
MGM,PHL
MGM,PHX
MGM,PIT
MGM,PVD
MGM,RAP
MGM,RDU
MGM,RIC
MGM,SAN
MGM,SAT
MGM,SBA
MGM,SDF
MGM,SEA
MGM,SEL
MGM,SFO
MGM,SHV
MGM,SJC
MGM,SJT
MGM,SJU
MGM,SLC
MGM,SMF
MGM,SPS
MGM,STL
MGM,SYR
MGM,TPA
MGM,TUS
MGM,TYO
MGM,VCE
MHK,ORD
MHK,ORF
MHK,PHL
MHK,PHX
MHK,RDU
MHK,RIC
MHK,SAN
MHK,SAT
MHK,SAV
MHK,SDF
MHK,SJC
MHK,SLC
MHK,TPA
MHK,TUS
MHK,VPS
MHT,MKE
MHT,MSP
MHT,MSY
MHT,OAJ
MHT,OKC
MHT,ONT
MHT,ORD
MHT,ORF
MHT,PHF
MHT,PHL
MHT,PHX
MHT,PIT
MHT,RDU
MHT,RIC
MHT,SAN
MHT,SAT
MHT,SAV
MHT,SDF
MHT,SEA
MHT,SJC
MHT,SLC
MHT,SMF
MHT,STL
MHT,TPA
MIA,MID
MIA,MKE
MIA,MOB
MIA,MRY
MIA,MSN
MIA,MSP
MIA,MSY
MIA,MVD
MIA,NAS
MIA,OAJ
MIA,OKA
MIA,OKC
MIA,OMA
MIA,ONT
MIA,ORD
MIA,ORF
MIA,PAP
MIA,PAR
MIA,PDX
MIA,PEK
MIA,PHF
MIA,PHL
MIA,PHX
MIA,PIT
MIA,PNS
MIA,POS
MIA,PTY
MIA,PVD
MIA,RDU
MIA,RIC
MIA,RIO
MIA,SAL
MIA,SAN
MIA,SAO
MIA,SAP
MIA,SAT
MIA,SAV
MIA,SCL
MIA,SDF
MIA,SDQ
MIA,SEA
MIA,SEL
MIA,SFO
MIA,SJC
MIA,SJO
MIA,SJU
MIA,SKB
MIA,SLC
MIA,SLU
MIA,SMF
MIA,SNA
MIA,STL
MIA,STR
MIA,STT
MIA,STX
MIA,SXM
MIA,TGU
MIA,TIA
MIA,TLH
MIA,TPA
MIA,TUL
MIA,TUS
MIA,TYO
MIA,TYS
MIA,UIO
MIA,VIE
MIA,VPS
MIA,XRY
MIA,YKF
MIA,YOW
MIA,YTO
MIA,YTZ
MIA,YYZ
MIL,EWR
MIL,JFK
MIL,LGA
MIL,NYC
MIL,SLC
MKE,MSP
MKE,MSY
MKE,OAK
MKE,OKC
MKE,OMA
MKE,ORD
MKE,ORF
MKE,PDX
MKE,PHF
MKE,PHL
MKE,PHX
MKE,PIT
MKE,PNS
MKE,PVD
MKE,RDU
MKE,RIC
MKE,SAN
MKE,SAT
MKE,SAV
MKE,SDF
MKE,SEA
MKE,SFO
MKE,SJC
MKE,SLC
MKE,SMF
MKE,STL
MKE,TPA
MKE,TUS
MKK,OGG
MLB,OKC
MLB,ORF
MLB,PHL
MLB,SEA
MLI,MSP
MLI,MSY
MLI,OKC
MLI,ONT
MLI,ORD
MLI,ORF
MLI,PHF
MLI,PHL
MLI,PHX
MLI,PIT
MLI,PVD
MLI,RDU
MLI,RIC
MLI,RNO
MLI,ROA
MLI,SAN
MLI,SAT
MLI,SAV
MLI,SDF
MLI,SEA
MLI,SEL
MLI,SFO
MLI,SJC
MLI,SJU
MLI,SLC
MLI,SMF
MLI,SYR
MLI,TPA
MLI,TRI
MLI,TUL
MLI,TUS
MLU,SDF
MNL,MSP
MNL,MSY
MNL,ORF
MNL,PDX
MNL,SAN
MNL,SDF
MNL,SEA
MNL,SLC
MOB,OAJ
MOB,OKC
MOB,ONT
MOB,ORD
MOB,ORF
MOB,PDX
MOB,PHF
MOB,PHL
MOB,PVD
MOB,PWM
MOB,RDU
MOB,RIC
MOB,SAN
MOB,SAT
MOB,SAV
MOB,SDF
MOB,SEA
MOB,SFO
MOB,SJC
MOB,SJU
MOB,SMF
MOB,STL
MOB,TPA
MOT,MSP
MOT,OKC
MOT,OMA
MOT,ORF
MOT,PHL
MOT,PHX
MOT,RIC
MOT,SAT
MOT,SBA
MOT,SEA
MOT,SLC
MOT,SMF
MOT,STL
MOT,VPS
MOW,EWR
MOW,JFK
MOW,LGA
MOW,NYC
MQT,ORD
MRY,MSP
MRY,MSY
MRY,MUC
MRY,OAJ
MRY,OKC
MRY,OMA
MRY,ORD
MRY,ORF
MRY,PHL
MRY,PHX
MRY,PNS
MRY,PVD
MRY,RDU
MRY,RIC
MRY,SAN
MRY,SAT
MRY,SDF
MRY,SEA
MRY,SEL
MRY,SFO
MRY,SJT
MRY,SLC
MRY,STL
MRY,TPA
MRY,TUS
MRY,TYO
MSN,MSP
MSN,MSY
MSN,OKC
MSN,OMA
MSN,ORD
MSN,ORF
MSN,PDX
MSN,PHL
MSN,PHX
MSN,PIT
MSN,PVD
MSN,RDU
MSN,RIC
MSN,SAN
MSN,SAT
MSN,SAV
MSN,SDF
MSN,SEA
MSN,SFO
MSN,SJC
MSN,SJU
MSN,SLC
MSN,SMF
MSN,STL
MSN,SYR
MSN,TPA
MSN,TUS
MSN,TYS
MSN,VPS
MSO,MSP
MSO,OKC
MSO,ONT
MSO,ORD
MSO,PDX
MSO,PHX
MSO,RDM
MSO,RNO
MSO,SAN
MSO,SAT
MSO,SDF
MSO,SEA
MSO,SFO
MSO,SLC
MSO,SMF
MSO,STL
MSO,TUS
MSP,MSY
MSP,MUC
MSP,NUE
MSP,OAJ
MSP,OAK
MSP,OKA
MSP,OKC
MSP,OMA
MSP,ONT
MSP,ORD
MSP,ORF
MSP,PAR
MSP,PDX
MSP,PHF
MSP,PHL
MSP,PHX
MSP,PIA
MSP,PIT
MSP,PNS
MSP,PSC
MSP,PVD
MSP,PWM
MSP,RAP
MSP,RDU
MSP,RIC
MSP,RNO
MSP,ROA
MSP,RSW
MSP,SAN
MSP,SAT
MSP,SAV
MSP,SDF
MSP,SEA
MSP,SEL
MSP,SFO
MSP,SGF
MSP,SHV
MSP,SJC
MSP,SJU
MSP,SLC
MSP,SMF
MSP,SNA
MSP,SPS
MSP,STL
MSP,STR
MSP,SYR
MSP,TLV
MSP,TPA
MSP,TUL
MSP,TUS
MSP,TVC
MSP,TYO
MSP,TYS
MSP,VPS
MSP,WAW
MSP,XNA
MSP,YEG
MSP,YOW
MSP,ZAG
MSY,NAS
MSY,OAJ
MSY,OAK
MSY,OKA
MSY,OKC
MSY,OMA
MSY,ONT
MSY,ORD
MSY,ORF
MSY,OSL
MSY,PAR
MSY,PBI
MSY,PDX
MSY,PHF
MSY,PHL
MSY,PHX
MSY,PIA
MSY,PIT
MSY,PSP
MSY,PTY
MSY,PVD
MSY,PWM
MSY,RAP
MSY,RDU
MSY,RIC
MSY,RIO
MSY,RNO
MSY,ROA
MSY,RSW
MSY,SAN
MSY,SAT
MSY,SAV
MSY,SDF
MSY,SEA
MSY,SEL
MSY,SFO
MSY,SGF
MSY,SHV
MSY,SJC
MSY,SJU
MSY,SLC
MSY,SMF
MSY,SNA
MSY,STL
MSY,STR
MSY,SYR
MSY,TPA
MSY,TUL
MSY,TUS
MSY,TYO
MSY,TYS
MSY,XNA
MSY,YEG
MSY,YUM
MUC,EWR
MUC,JFK
MUC,LGA
MUC,NYC
MUC,OAJ
MUC,ORF
MUC,PHL
MUC,PHX
MUC,PIT
MUC,PNS
MUC,RDU
MUC,RIC
MUC,SAN
MUC,SAT
MUC,SDF
MUC,SEA
MUC,SFO
MUC,SJU
MUC,SMF
MUC,STL
MUC,TPA
MUC,VPS
MVD,EWR
MVD,JFK
MVD,LGA
MVD,NYC
MXP,EWR
MXP,JFK
MXP,LGA
MXP,NYC
MXP,SLC
NAP,EWR
NAP,JFK
NAP,LGA
NAP,NYC
NAP,ORF
NAP,PHL
NAP,PIT
NAP,RDU
NAP,SAN
NAP,SEA
NAP,TPA
NAS,EWR
NAS,JFK
NAS,LGA
NAS,NYC
NAS,ORF
NAS,PVD
NAS,SAN
NBO,EWR
NBO,JFK
NBO,LGA
NBO,NYC
NBO,ORF
NBO,RDU
NUE,EWR
NUE,JFK
NUE,LGA
NUE,NYC
NUE,ORF
NUE,RDU
NUE,RIC
NUE,SAT
NUE,SAV
NUE,SEA
NUE,STL
NUE,TPA
NYC,OKA
NYC,OSL
NYC,PAP
NYC,PAR
NYC,PEK
NYC,POS
NYC,PRG
NYC,PTY
NYC,PUS
NYC,RBA
NYC,REK
NYC,RIO
NYC,RIX
NYC,ROM
NYC,SAL
NYC,SAO
NYC,SAP
NYC,SCL
NYC,SDQ
NYC,SEL
NYC,SHA
NYC,SIN
NYC,SJJ
NYC,SJO
NYC,SOF
NYC,STO
NYC,STR
NYC,SYD
NYC,TGU
NYC,TIA
NYC,TLL
NYC,TLV
NYC,TNR
NYC,TPE
NYC,TYO
NYC,VCE
NYC,VIE
NYC,WAW
NYC,XRY
NYC,YHZ
NYC,YKF
NYC,YOW
NYC,YQB
NYC,YTO
NYC,YTZ
NYC,YUL
NYC,YVR
NYC,YYZ
NYC,ZRH
OAJ,OAK
OAJ,OKC
OAJ,OMA
OAJ,ONT
OAJ,ORD
OAJ,PAR
OAJ,PBI
OAJ,PDX
OAJ,PHL
OAJ,PHX
OAJ,PIT
OAJ,PNS
OAJ,PSP
OAJ,PVD
OAJ,RNO
OAJ,SAN
OAJ,SAT
OAJ,SAV
OAJ,SDF
OAJ,SDQ
OAJ,SEA
OAJ,SFO
OAJ,SJC
OAJ,SJT
OAJ,SJU
OAJ,SLC
OAJ,SMF
OAJ,SNA
OAJ,SPS
OAJ,STL
OAJ,STR
OAJ,TGU
OAJ,TLV
OAJ,TPA
OAJ,TUL
OAJ,TUS
OAJ,TYO
OAJ,TYS
OAJ,VPS
OAJ,YUM
OAK,OKC
OAK,OMA
OAK,ONT
OAK,ORD
OAK,ORF
OAK,PDX
OAK,PHF
OAK,PHL
OAK,PHX
OAK,PIT
OAK,PSC
OAK,PVD
OAK,PVR
OAK,RDU
OAK,RNO
OAK,SAN
OAK,SAT
OAK,SDF
OAK,SEA
OAK,SJD
OAK,SJU
OAK,SLC
OAK,SNA
OAK,STL
OAK,TPA
OAK,TUS
OAK,TYO
OGG,PDX
OGG,SAN
OGG,SAT
OGG,SEA
OGG,SFO
OGG,SJC
OGG,SMF
OKA,OKC
OKA,OMA
OKA,ORF
OKA,PDX
OKA,PHL
OKA,PHX
OKA,PIT
OKA,PNS
OKA,PVD
OKA,RDU
OKA,RIC
OKA,RNO
OKA,SAN
OKA,SAT
OKA,SAV
OKA,SDF
OKA,SEA
OKA,SFO
OKA,SJC
OKA,SLC
OKA,SMF
OKA,SPS
OKA,STL
OKA,TPA
OKA,TUL
OKA,TUS
OKC,OMA
OKC,ONT
OKC,ORD
OKC,ORF
OKC,PBI
OKC,PDX
OKC,PHF
OKC,PHL
OKC,PHX
OKC,PIA
OKC,PIT
OKC,PNS
OKC,PSP
OKC,PVD
OKC,PWM
OKC,RAP
OKC,RDU
OKC,RIC
OKC,RNO
OKC,ROA
OKC,ROC
OKC,ROW
OKC,RSW
OKC,SAN
OKC,SAT
OKC,SAV
OKC,SBA
OKC,SBN
OKC,SDF
OKC,SEA
OKC,SEL
OKC,SFO
OKC,SHV
OKC,SIN
OKC,SJC
OKC,SJT
OKC,SJU
OKC,SLC
OKC,SMF
OKC,SNA
OKC,SPI
OKC,STL
OKC,SYR
OKC,TLH
OKC,TPA
OKC,TUS
OKC,TYO
OKC,TYS
OKC,VCE
OKC,VPS
OKC,YEG
OKC,YUM
OMA,ONT
OMA,ORD
OMA,ORF
OMA,PDX
OMA,PHF
OMA,PHL
OMA,PHX
OMA,PIT
OMA,PNS
OMA,PRG
OMA,PVD
OMA,RDU
OMA,RIC
OMA,RNO
OMA,SAN
OMA,SAT
OMA,SAV
OMA,SBA
OMA,SDF
OMA,SEA
OMA,SEL
OMA,SFO
OMA,SHV
OMA,SJC
OMA,SJT
OMA,SJU
OMA,SLC
OMA,SMF
OMA,SNA
OMA,SPS
OMA,STL
OMA,STR
OMA,SYR
OMA,TPA
OMA,TUS
OMA,TYO
OMA,TYS
OMA,VPS
ONT,ORD
ONT,ORF
ONT,PDX
ONT,PHF
ONT,PHL
ONT,PHX
ONT,PIT
ONT,PNS
ONT,PVD
ONT,RDU
ONT,RIC
ONT,RNO
ONT,SAT
ONT,SAV
ONT,SBN
ONT,SDF
ONT,SEA
ONT,SFO
ONT,SGF
ONT,SJC
ONT,SJU
ONT,SLC
ONT,SMF
ONT,SPS
ONT,STL
ONT,SYR
ONT,TPA
ONT,TUL
ONT,TUS
ONT,TXK
ONT,VPS
ORD,BQH
ORD,DOH
ORD,DXB
ORD,FRA
ORD,FUK
ORD,GUM
ORD,HAV
ORD,HKG
ORD,IST
ORD,KRK
ORD,KWI
ORD,LGW
ORD,LHR
ORD,LON
ORD,LTN
ORD,MAD
ORD,MEX
ORD,MUC
ORD,NAP
ORD,OKA
ORD,ORF
ORD,PAH
ORD,PAR
ORD,PBI
ORD,PDX
ORD,PEK
ORD,PHF
ORD,PHL
ORD,PHX
ORD,PIA
ORD,PIT
ORD,PNS
ORD,PSC
ORD,PSP
ORD,PTY
ORD,PVD
ORD,PWM
ORD,RAP
ORD,RDU
ORD,RIC
ORD,RNO
ORD,ROA
ORD,ROC
ORD,RST
ORD,RSW
ORD,SAN
ORD,SAT
ORD,SAV
ORD,SDF
ORD,SEA
ORD,SEL
ORD,SEN
ORD,SFO
ORD,SGF
ORD,SHV
ORD,SIN
ORD,SJC
ORD,SJJ
ORD,SJU
ORD,SLC
ORD,SMF
ORD,SNA
ORD,SPI
ORD,SPS
ORD,STL
ORD,STN
ORD,STR
ORD,SUX
ORD,SYR
ORD,TGU
ORD,TLH
ORD,TOL
ORD,TPA
ORD,TUL
ORD,TUS
ORD,TVC
ORD,TYO
ORD,TYS
ORD,VIE
ORD,VPS
ORD,WAW
ORD,XNA
ORD,XRY
ORD,YEG
ORD,YKF
ORD,YOW
ORD,YTO
ORD,YTZ
ORD,YUL
ORD,YUM
ORD,YYZ
ORF,OSL
ORF,PAR
ORF,PBI
ORF,PDX
ORF,PHL
ORF,PHX
ORF,PIA
ORF,PIT
ORF,PNS
ORF,PRG
ORF,PSP
ORF,PTY
ORF,PUS
ORF,PVD
ORF,PWM
ORF,RAP
ORF,RIX
ORF,RNO
ORF,ROC
ORF,ROM
ORF,ROW
ORF,RSW
ORF,SAL
ORF,SAN
ORF,SAT
ORF,SAV
ORF,SBA
ORF,SBN
ORF,SBP
ORF,SDF
ORF,SDQ
ORF,SEA
ORF,SEL
ORF,SFO
ORF,SGF
ORF,SHV
ORF,SJC
ORF,SJT
ORF,SJU
ORF,SLC
ORF,SMF
ORF,SNA
ORF,SOF
ORF,SPS
ORF,SRQ
ORF,STL
ORF,STO
ORF,STR
ORF,SVG
ORF,SYD
ORF,SYR
ORF,TAE
ORF,TLH
ORF,TLL
ORF,TLV
ORF,TPA
ORF,TRD
ORF,TUL
ORF,TUS
ORF,TVC
ORF,TYO
ORF,TYS
ORF,VCE
ORF,VIE
ORF,VLD
ORF,VPS
ORF,WAW
ORF,XRY
ORF,YHZ
ORF,YKF
ORF,YOW
ORF,YTO
ORF,YTZ
ORF,YUL
ORF,YUM
ORF,YYZ
ORF,ZAG
ORF,ZRH
OSA,SAN
OSA,SEA
OSA,SFO
OSA,SLC
OSL,SAN
OTH,SFO
OTP,BWI
OTP,DCA
OTP,EWR
OTP,HSV
OTP,IAD
OTP,JFK
OTP,LAX
OTP,LGA
OTP,MGM
OTP,MOB
OTP,NYC
OTP,ORF
OTP,PDX
OTP,PHL
OTP,SAN
OTP,SDF
OTP,TPA
PAR,PHL
PAR,RDU
PAR,RIC
PAR,SAN
PAR,SAT
PAR,SAV
PAR,SDF
PAR,SEA
PAR,SFO
PAR,SLC
PAR,STL
PAR,TPA
PAR,VPS
PBI,PHF
PBI,PHL
PBI,PHX
PBI,PIT
PBI,PVD
PBI,RDU
PBI,RIC
PBI,SAN
PBI,SAT
PBI,SDF
PBI,SEA
PBI,SMF
PBI,STL
PDX,PHF
PDX,PHL
PDX,PHX
PDX,PIH
PDX,PIT
PDX,PNS
PDX,PSC
PDX,PSP
PDX,PVD
PDX,PWM
PDX,RAP
PDX,RDM
PDX,RDU
PDX,RIC
PDX,RNO
PDX,SAN
PDX,SAT
PDX,SAV
PDX,SBA
PDX,SBP
PDX,SDF
PDX,SEA
PDX,SEL
PDX,SFO
PDX,SGF
PDX,SIN
PDX,SIT
PDX,SJC
PDX,SJU
PDX,SLC
PDX,SMF
PDX,SNA
PDX,STL
PDX,STS
PDX,SYR
PDX,TPA
PDX,TUL
PDX,TUS
PDX,TYO
PDX,TYS
PDX,VPS
PDX,YEG
PDX,YKM
PDX,YUM
PDX,YVR
PEK,SAN
PEK,SEA
PEK,SFO
PHF,PHL
PHF,PHX
PHF,PIT
PHF,PNS
PHF,PVD
PHF,PWM
PHF,SAN
PHF,SAT
PHF,SAV
PHF,SDF
PHF,SEA
PHF,SFO
PHF,SHV
PHF,SJC
PHF,SJU
PHF,SLC
PHF,SMF
PHF,STL
PHF,SYR
PHF,TPA
PHF,TUS
PHF,TYO
PHF,VLD
PHF,VPS
PHL,PHX
PHL,PIA
PHL,PIT
PHL,PNS
PHL,POS
PHL,PSP
PHL,PVD
PHL,PWM
PHL,RAP
PHL,RDU
PHL,RIC
PHL,RNO
PHL,ROA
PHL,ROC
PHL,ROM
PHL,ROW
PHL,RSW
PHL,SAN
PHL,SAT
PHL,SAV
PHL,SBA
PHL,SDF
PHL,SEA
PHL,SEL
PHL,SFO
PHL,SGF
PHL,SHV
PHL,SJC
PHL,SJT
PHL,SJU
PHL,SLC
PHL,SMF
PHL,SNA
PHL,SPS
PHL,STL
PHL,STR
PHL,STT
PHL,STX
PHL,SWF
PHL,SYR
PHL,TLH
PHL,TLV
PHL,TPA
PHL,TRI
PHL,TUL
PHL,TUS
PHL,TXK
PHL,TYO
PHL,TYS
PHL,VCE
PHL,VLD
PHL,VPS
PHL,XNA
PHL,XRY
PHL,YKF
PHL,YOW
PHL,YTO
PHL,YTZ
PHL,YUL
PHL,YUM
PHL,YYZ
PHL,ZRH
PHX,PIA
PHX,PIT
PHX,PNS
PHX,PSC
PHX,PSP
PHX,PVD
PHX,PWM
PHX,RAP
PHX,RDM
PHX,RDU
PHX,RIC
PHX,RNO
PHX,ROW
PHX,SAF
PHX,SAN
PHX,SAO
PHX,SAT
PHX,SAV
PHX,SBA
PHX,SBP
PHX,SDF
PHX,SEA
PHX,SEL
PHX,SFO
PHX,SGF
PHX,SGU
PHX,SHV
PHX,SJC
PHX,SJT
PHX,SJU
PHX,SLC
PHX,SMF
PHX,SNA
PHX,SPS
PHX,STL
PHX,STR
PHX,SYR
PHX,TPA
PHX,TUL
PHX,TUS
PHX,TYO
PHX,TYS
PHX,VPS
PHX,YEG
PHX,YUM
PIA,PWM
PIA,RIC
PIA,SAN
PIA,SAT
PIA,SLC
PIH,SEA
PIH,SLC
PIT,PNS
PIT,PVD
PIT,PWM
PIT,RDU
PIT,RIC
PIT,RNO
PIT,SAN
PIT,SAT
PIT,SAV
PIT,SDF
PIT,SEA
PIT,SFO
PIT,SGF
PIT,SJC
PIT,SJU
PIT,SLC
PIT,SMF
PIT,SNA
PIT,SPS
PIT,STL
PIT,STR
PIT,SYR
PIT,TPA
PIT,TUL
PIT,TUS
PIT,TYO
PIT,TYS
PIT,VPS
PMF,EWR
PMF,JFK
PMF,LGA
PMF,NYC
PMF,SLC
PNS,PSP
PNS,PVD
PNS,RDU
PNS,RIC
PNS,RNO
PNS,SAN
PNS,SAT
PNS,SAV
PNS,SDF
PNS,SDQ
PNS,SEA
PNS,SEL
PNS,SFO
PNS,SJC
PNS,SJT
PNS,SJU
PNS,SLC
PNS,SMF
PNS,SNA
PNS,STL
PNS,STR
PNS,SYR
PNS,TPA
PNS,TUL
PNS,TUS
PNS,TYO
PNS,YUM
POS,SAT
PPG,SEA
PPG,SFO
PRG,SDF
PSC,SAN
PSC,SEA
PSC,SFO
PSC,SLC
PSC,SMF
PSC,STL
PSG,SEA
PSP,RDU
PSP,RIC
PSP,SAT
PSP,SAV
PSP,SEA
PSP,SFO
PSP,SMF
PSP,STL
PSP,VPS
PTY,SAN
PTY,SAT
PTY,SEA
PTY,SFO
PTY,TPA
PTY,TUS
PTY,VPS
PUS,SAN
PUS,SEA
PUS,SFO
PUS,STL
PUW,SEA
PVD,RDU
PVD,RIC
PVD,RNO
PVD,SAN
PVD,SAT
PVD,SAV
PVD,SBA
PVD,SDF
PVD,SEA
PVD,SFO
PVD,SIN
PVD,SJU
PVD,SLC
PVD,SMF
PVD,SNA
PVD,STL
PVD,SYR
PVD,TPA
PVD,TUS
PVD,TYO
PVD,TYS
PVD,VPS
PWM,RDU
PWM,RIC
PWM,SAN
PWM,SAT
PWM,SAV
PWM,SDF
PWM,SEA
PWM,SFO
PWM,SLC
PWM,STL
PWM,TPA
RAP,RDU
RAP,RIC
RAP,RNO
RAP,SAN
RAP,SAT
RAP,SDF
RAP,SEA
RAP,SFO
RAP,SHV
RAP,SLC
RAP,SMF
RAP,SPS
RAP,STL
RAP,TPA
RAP,TUL
RAP,TUS
RAP,VPS
RBA,SFO
RBA,SLC
RDD,SFO
RDM,SAN
RDM,SEA
RDM,SFO
RDM,SLC
RDM,SMF
RDM,TUS
RDU,RNO
RDU,ROC
RDU,ROM
RDU,SAN
RDU,SAT
RDU,SAV
RDU,SDF
RDU,SEA
RDU,SEL
RDU,SFO
RDU,SGF
RDU,SHV
RDU,SJC
RDU,SJT
RDU,SJU
RDU,SLC
RDU,SMF
RDU,SNA
RDU,SPS
RDU,STL
RDU,STR
RDU,SWF
RDU,SYD
RDU,SYR
RDU,TLH
RDU,TLV
RDU,TPA
RDU,TUL
RDU,TUS
RDU,TYO
RDU,TYS
RDU,VCE
RDU,VPS
RDU,WAW
RDU,YOW
RDU,YUM
RIC,RNO
RIC,ROC
RIC,RSW
RIC,SAN
RIC,SAT
RIC,SAV
RIC,SBA
RIC,SBN
RIC,SBP
RIC,SDF
RIC,SEA
RIC,SEL
RIC,SFO
RIC,SGF
RIC,SHV
RIC,SJC
RIC,SJU
RIC,SLC
RIC,SMF
RIC,SNA
RIC,SPI
RIC,STL
RIC,STR
RIC,SYR
RIC,TLH
RIC,TLV
RIC,TPA
RIC,TUL
RIC,TUS
RIC,TXK
RIC,TYO
RIC,TYS
RIC,VCE
RIC,VIE
RIC,VPS
RIC,XNA
RIC,YOW
RIC,YUM
RIO,SAN
RIO,SFO
RIX,SEA
RNO,SAN
RNO,SAT
RNO,SAV
RNO,SDF
RNO,SEA
RNO,SJC
RNO,SLC
RNO,SNA
RNO,STL
RNO,SYR
RNO,TPA
RNO,TUL
RNO,TUS
RNO,TYO
RNO,TYS
RNO,VPS
RNO,YUM
ROA,SAT
ROA,SDF
ROA,SEA
ROA,SLC
ROA,STL
ROC,SAN
ROC,SAT
ROC,SDF
ROC,SEA
ROC,SFO
ROC,STL
ROC,TPA
ROM,SAN
ROM,SDF
ROM,SEA
ROW,SAN
RSW,SAN
RSW,SAT
RSW,SDF
RSW,SEA
SAF,SAT
SAL,SAT
SAL,SFO
SAL,TPA
SAN,SAT
SAN,SAV
SAN,SCL
SAN,SDF
SAN,SEA
SAN,SEL
SAN,SFO
SAN,SGF
SAN,SHV
SAN,SIN
SAN,SJC
SAN,SJT
SAN,SJU
SAN,SLC
SAN,SMF
SAN,SPS
SAN,STL
SAN,STR
SAN,STS
SAN,SYD
SAN,SYR
SAN,TLH
SAN,TLV
SAN,TPA
SAN,TUL
SAN,TUS
SAN,TVC
SAN,TYO
SAN,TYS
SAN,VIE
SAN,VLD
SAN,VPS
SAN,XNA
SAN,XRY
SAN,YKM
SAN,YOW
SAN,YUL
SAN,YVR
SAN,YYJ
SAO,SAT
SAT,SAV
SAT,SBA
SAT,SBP
SAT,SCL
SAT,SDF
SAT,SDQ
SAT,SEA
SAT,SEL
SAT,SFO
SAT,SGF
SAT,SHV
SAT,SIN
SAT,SJC
SAT,SJO
SAT,SJU
SAT,SLC
SAT,SMF
SAT,SNA
SAT,SPI
SAT,SPS
SAT,STL
SAT,STR
SAT,STX
SAT,SWF
SAT,SYR
SAT,TGU
SAT,TLH
SAT,TPA
SAT,TRI
SAT,TUL
SAT,TUS
SAT,TXK
SAT,TYO
SAT,TYS
SAT,VIE
SAT,VLD
SAT,VPS
SAT,WAW
SAT,XNA
SAT,YEG
SAT,YOW
SAT,YUM
SAV,SBN
SAV,SDF
SAV,SEA
SAV,SEL
SAV,SFO
SAV,SGF
SAV,SHV
SAV,SJC
SAV,SJU
SAV,SLC
SAV,SMF
SAV,SNA
SAV,STL
SAV,STR
SAV,SYR
SAV,TUS
SAV,TYO
SAV,TYS
SAV,VPS
SAV,YUM
SBA,SDF
SBA,SEA
SBA,SHV
SBA,SLC
SBA,SMF
SBA,STL
SBA,TPA
SBA,TUS
SBA,VPS
SBN,STL
SBP,SDF
SBP,SEA
SBP,SFO
SBP,SLC
SBP,STL
SBP,TPA
SBP,TUS
SCE,SEA
SCE,STL
SCL,TUS
SCL,VPS
SDF,SDQ
SDF,SEA
SDF,SEL
SDF,SFO
SDF,SGF
SDF,SHV
SDF,SJC
SDF,SJU
SDF,SLC
SDF,SMF
SDF,SNA
SDF,SOF
SDF,STR
SDF,SWF
SDF,SYR
SDF,TGU
SDF,TIA
SDF,TLH
SDF,TPA
SDF,TUL
SDF,TUS
SDF,TVC
SDF,TYO
SDF,VIE
SDF,VPS
SDF,WAW
SDF,XNA
SDQ,SFO
SDQ,SJU
SDQ,TUS
SEA,SEL
SEA,SFO
SEA,SGF
SEA,SHV
SEA,SIN
SEA,SIT
SEA,SJC
SEA,SJT
SEA,SJU
SEA,SLC
SEA,SMF
SEA,SNA
SEA,SPI
SEA,SPS
SEA,STL
SEA,STR
SEA,STS
SEA,SWF
SEA,SYD
SEA,SYR
SEA,TGU
SEA,TLH
SEA,TPA
SEA,TPE
SEA,TUL
SEA,TUS
SEA,TXK
SEA,TYO
SEA,TYS
SEA,VCE
SEA,VIE
SEA,VLD
SEA,VPS
SEA,WAW
SEA,XNA
SEA,YEG
SEA,YKF
SEA,YKM
SEA,YOW
SEA,YTO
SEA,YTZ
SEA,YUL
SEA,YUM
SEA,YVR
SEA,YYC
SEA,YYJ
SEA,YYZ
SEL,SFO
SEL,SHV
SEL,SLC
SEL,SMF
SEL,SNA
SEL,STL
SEL,SYR
SEL,TPA
SEL,TUL
SEL,TUS
SEL,VPS
SEN,EWR
SEN,JFK
SEN,LGA
SEN,MCI
SEN,MCO
SEN,MGM
SEN,MIA
SEN,MSP
SEN,MSY
SEN,NYC
SEN,OAJ
SEN,OKC
SEN,OMA
SEN,ORF
SEN,PDX
SEN,PHL
SEN,PHX
SEN,PIT
SEN,PNS
SEN,PVD
SEN,RDU
SEN,RIC
SEN,SAN
SEN,SAT
SEN,SAV
SEN,SDF
SEN,SEA
SEN,SFO
SEN,SHV
SEN,SLC
SEN,SMF
SEN,STL
SEN,SYR
SEN,TPA
SEN,TUS
SEN,VLD
SEN,VPS
SFO,SGF
SFO,SHA
SFO,SIN
SFO,SJT
SFO,SJU
SFO,SLC
SFO,SMF
SFO,SNA
SFO,SPS
SFO,STL
SFO,STR
SFO,SYD
SFO,SYR
SFO,TLV
SFO,TPA
SFO,TPE
SFO,TUL
SFO,TUS
SFO,TVC
SFO,TYO
SFO,TYS
SFO,VPS
SFO,WAW
SFO,YUL
SFO,YUM
SFO,YVR
SGF,SJC
SGF,SJU
SGF,SLC
SGF,TUS
SGU,SLC
SHA,TYO
SHV,SLC
SHV,SMF
SHV,STL
SHV,SYR
SHV,TPA
SHV,TUS
SHV,VPS
SIN,SLC
SIN,TYO
SJC,SLC
SJC,SNA
SJC,STL
SJC,TLH
SJC,TPA
SJC,TUL
SJC,TUS
SJC,TYO
SJC,VPS
SJT,SLC
SJT,SMF
SJT,STL
SJT,TPA
SJT,TUS
SJT,VPS
SJU,SLC
SJU,SMF
SJU,SPS
SJU,STL
SJU,STT
SJU,STX
SJU,TGU
SJU,TLH
SJU,TPA
SJU,TUS
SLC,SMF
SLC,SNA
SLC,SPS
SLC,STL
SLC,STR
SLC,SYR
SLC,TPA
SLC,TPE
SLC,TUL
SLC,TUS
SLC,TWF
SLC,TYO
SLC,TYS
SLC,VCE
SLC,VLD
SLC,VPS
SLC,YKF
SLC,YKM
SLC,YTO
SLC,YTZ
SLC,YUM
SLC,YYZ
SMF,SNA
SMF,SPS
SMF,STL
SMF,SYR
SMF,TLH
SMF,TPA
SMF,TUL
SMF,TUS
SMF,TVC
SMF,TYO
SMF,TYS
SMF,VPS
SMF,YUM
SNA,STL
SNA,TPA
SNA,TUS
SNA,TYO
SNA,VPS
SPI,TUS
SPN,TYO
SPS,STL
SPS,TPA
SPS,TUS
SPS,VPS
STL,STR
STL,STX
STL,SUX
STL,SYR
STL,TLH
STL,TOL
STL,TPA
STL,TRI
STL,TUL
STL,TUS
STL,TVC
STL,TYO
STL,TYS
STL,VCE
STL,VLD
STL,VPS
STL,YUM
STN,EWR
STN,JFK
STN,LGA
STN,MCI
STN,MCO
STN,MGM
STN,MIA
STN,MSP
STN,MSY
STN,NYC
STN,OAJ
STN,OKC
STN,OMA
STN,ORF
STN,PDX
STN,PHL
STN,PHX
STN,PIT
STN,PNS
STN,PVD
STN,RDU
STN,RIC
STN,SAN
STN,SAT
STN,SAV
STN,SDF
STN,SEA
STN,SFO
STN,SHV
STN,SLC
STN,SMF
STN,STL
STN,SYR
STN,TPA
STN,TUS
STN,VLD
STN,VPS
STR,TPA
STR,TUS
STR,VPS
STT,TPA
STX,TPA
SVO,EWR
SVO,JFK
SVO,LGA
SVO,NYC
SXF,BIL
SXF,BNA
SXF,BWI
SXF,CHI
SXF,COS
SXF,CVG
SXF,DCA
SXF,DEN
SXF,EWR
SXF,IAD
SXF,JFK
SXF,LAX
SXF,LGA
SXF,MCI
SXF,MDW
SXF,MSP
SXF,NYC
SXF,OKC
SXF,OMA
SXF,ORD
SXF,ORF
SXF,PHL
SXF,RDU
SXF,SAT
SXF,SDF
SXF,SEA
SYR,TPA
SYR,TUS
SYR,TYO
SYR,TYS
SYR,VPS
TGU,TPA
TLV,TPA
TLV,VPS
TPA,TRI
TPA,TUL
TPA,TUS
TPA,TYO
TPA,TYS
TPA,VCE
TPA,YKF
TPA,YOW
TPA,YTO
TPA,YTZ
TPA,YYZ
TUL,TUS
TUL,TYO
TUL,TYS
TUL,VPS
TUL,WAW
TUS,TYO
TUS,TYS
TUS,VCE
TUS,VLD
TUS,VPS
TUS,YYT
TXL,BIL
TXL,BNA
TXL,BWI
TXL,CHI
TXL,COS
TXL,CVG
TXL,DCA
TXL,DEN
TXL,EWR
TXL,IAD
TXL,JFK
TXL,LAX
TXL,LGA
TXL,MCI
TXL,MDW
TXL,MSP
TXL,NYC
TXL,OKC
TXL,OMA
TXL,ORD
TXL,ORF
TXL,PHL
TXL,RDU
TXL,SAT
TXL,SDF
TXL,SEA
TYO,TYS
TYO,VPS
TYO,YUM
VKO,EWR
VKO,JFK
VKO,LGA
VKO,NYC
VPS,YKF
VPS,YTO
VPS,YTZ
VPS,YUM
VPS,YYZ
